-- --------------------------------------------------------
-- Host:                         127.0.0.1
-- Versión del servidor:         8.0.43 - MySQL Community Server - GPL
-- SO del servidor:              Win64
-- HeidiSQL Versión:             12.5.0.6677
-- --------------------------------------------------------

/*!40101 SET @OLD_CHARACTER_SET_CLIENT=@@CHARACTER_SET_CLIENT */;
/*!40101 SET NAMES utf8 */;
/*!50503 SET NAMES utf8mb4 */;
/*!40103 SET @OLD_TIME_ZONE=@@TIME_ZONE */;
/*!40103 SET TIME_ZONE='+00:00' */;
/*!40014 SET @OLD_FOREIGN_KEY_CHECKS=@@FOREIGN_KEY_CHECKS, FOREIGN_KEY_CHECKS=0 */;
/*!40101 SET @OLD_SQL_MODE=@@SQL_MODE, SQL_MODE='NO_AUTO_VALUE_ON_ZERO' */;
/*!40111 SET @OLD_SQL_NOTES=@@SQL_NOTES, SQL_NOTES=0 */;


-- Volcando estructura de base de datos para hospitalbd
CREATE DATABASE IF NOT EXISTS `hospitalbd` /*!40100 DEFAULT CHARACTER SET utf8mb4 COLLATE utf8mb4_general_ci */ /*!80016 DEFAULT ENCRYPTION='N' */;
USE `hospitalbd`;

-- Volcando estructura para tabla hospitalbd.auth_group
CREATE TABLE IF NOT EXISTS `auth_group` (
  `id` int NOT NULL AUTO_INCREMENT,
  `name` varchar(150) COLLATE utf8mb4_general_ci NOT NULL,
  PRIMARY KEY (`id`),
  UNIQUE KEY `name` (`name`)
) ENGINE=InnoDB DEFAULT CHARSET=utf8mb4 COLLATE=utf8mb4_general_ci;

-- Volcando datos para la tabla hospitalbd.auth_group: ~0 rows (aproximadamente)

-- Volcando estructura para tabla hospitalbd.auth_group_permissions
CREATE TABLE IF NOT EXISTS `auth_group_permissions` (
  `id` bigint NOT NULL AUTO_INCREMENT,
  `group_id` int NOT NULL,
  `permission_id` int NOT NULL,
  PRIMARY KEY (`id`),
  UNIQUE KEY `auth_group_permissions_group_id_permission_id_0cd325b0_uniq` (`group_id`,`permission_id`),
  KEY `auth_group_permissio_permission_id_84c5c92e_fk_auth_perm` (`permission_id`),
  CONSTRAINT `auth_group_permissio_permission_id_84c5c92e_fk_auth_perm` FOREIGN KEY (`permission_id`) REFERENCES `auth_permission` (`id`),
  CONSTRAINT `auth_group_permissions_group_id_b120cbf9_fk_auth_group_id` FOREIGN KEY (`group_id`) REFERENCES `auth_group` (`id`)
) ENGINE=InnoDB DEFAULT CHARSET=utf8mb4 COLLATE=utf8mb4_general_ci;

-- Volcando datos para la tabla hospitalbd.auth_group_permissions: ~0 rows (aproximadamente)

-- Volcando estructura para tabla hospitalbd.auth_permission
CREATE TABLE IF NOT EXISTS `auth_permission` (
  `id` int NOT NULL AUTO_INCREMENT,
  `name` varchar(255) COLLATE utf8mb4_general_ci NOT NULL,
  `content_type_id` int NOT NULL,
  `codename` varchar(100) COLLATE utf8mb4_general_ci NOT NULL,
  PRIMARY KEY (`id`),
  UNIQUE KEY `auth_permission_content_type_id_codename_01ab375a_uniq` (`content_type_id`,`codename`),
  CONSTRAINT `auth_permission_content_type_id_2f476e4b_fk_django_co` FOREIGN KEY (`content_type_id`) REFERENCES `django_content_type` (`id`)
) ENGINE=InnoDB AUTO_INCREMENT=117 DEFAULT CHARSET=utf8mb4 COLLATE=utf8mb4_general_ci;

-- Volcando datos para la tabla hospitalbd.auth_permission: ~112 rows (aproximadamente)
INSERT INTO `auth_permission` (`id`, `name`, `content_type_id`, `codename`) VALUES
	(1, 'Can add log entry', 1, 'add_logentry'),
	(2, 'Can change log entry', 1, 'change_logentry'),
	(3, 'Can delete log entry', 1, 'delete_logentry'),
	(4, 'Can view log entry', 1, 'view_logentry'),
	(5, 'Can add permission', 2, 'add_permission'),
	(6, 'Can change permission', 2, 'change_permission'),
	(7, 'Can delete permission', 2, 'delete_permission'),
	(8, 'Can view permission', 2, 'view_permission'),
	(9, 'Can add group', 3, 'add_group'),
	(10, 'Can change group', 3, 'change_group'),
	(11, 'Can delete group', 3, 'delete_group'),
	(12, 'Can view group', 3, 'view_group'),
	(13, 'Can add content type', 4, 'add_contenttype'),
	(14, 'Can change content type', 4, 'change_contenttype'),
	(15, 'Can delete content type', 4, 'delete_contenttype'),
	(16, 'Can view content type', 4, 'view_contenttype'),
	(17, 'Can add session', 5, 'add_session'),
	(18, 'Can change session', 5, 'change_session'),
	(19, 'Can delete session', 5, 'delete_session'),
	(20, 'Can view session', 5, 'view_session'),
	(21, 'Can add tipos usuarios', 6, 'add_tiposusuarios'),
	(22, 'Can change tipos usuarios', 6, 'change_tiposusuarios'),
	(23, 'Can delete tipos usuarios', 6, 'delete_tiposusuarios'),
	(24, 'Can view tipos usuarios', 6, 'view_tiposusuarios'),
	(25, 'Can add Persona', 7, 'add_persona'),
	(26, 'Can change Persona', 7, 'change_persona'),
	(27, 'Can delete Persona', 7, 'delete_persona'),
	(28, 'Can view Persona', 7, 'view_persona'),
	(29, 'Can add roles profesionales', 8, 'add_rolesprofesionales'),
	(30, 'Can change roles profesionales', 8, 'change_rolesprofesionales'),
	(31, 'Can delete roles profesionales', 8, 'delete_rolesprofesionales'),
	(32, 'Can view roles profesionales', 8, 'view_rolesprofesionales'),
	(33, 'Can add usuario', 9, 'add_usuario'),
	(34, 'Can change usuario', 9, 'change_usuario'),
	(35, 'Can delete usuario', 9, 'delete_usuario'),
	(36, 'Can view usuario', 9, 'view_usuario'),
	(37, 'Can add paciente', 10, 'add_paciente'),
	(38, 'Can change paciente', 10, 'change_paciente'),
	(39, 'Can delete paciente', 10, 'delete_paciente'),
	(40, 'Can view paciente', 10, 'view_paciente'),
	(41, 'Can add menor a cargo de paciente', 11, 'add_menoracargodepaciente'),
	(42, 'Can change menor a cargo de paciente', 11, 'change_menoracargodepaciente'),
	(43, 'Can delete menor a cargo de paciente', 11, 'delete_menoracargodepaciente'),
	(44, 'Can view menor a cargo de paciente', 11, 'view_menoracargodepaciente'),
	(45, 'Can add consultas', 12, 'add_consultas'),
	(46, 'Can change consultas', 12, 'change_consultas'),
	(47, 'Can delete consultas', 12, 'delete_consultas'),
	(48, 'Can view consultas', 12, 'view_consultas'),
	(49, 'Can add departamento', 13, 'add_departamento'),
	(50, 'Can change departamento', 13, 'change_departamento'),
	(51, 'Can delete departamento', 13, 'delete_departamento'),
	(52, 'Can view departamento', 13, 'view_departamento'),
	(53, 'Can add jorna_laboral', 14, 'add_jorna_laboral'),
	(54, 'Can change jorna_laboral', 14, 'change_jorna_laboral'),
	(55, 'Can delete jorna_laboral', 14, 'delete_jorna_laboral'),
	(56, 'Can view jorna_laboral', 14, 'view_jorna_laboral'),
	(57, 'Can add lugar', 15, 'add_lugar'),
	(58, 'Can change lugar', 15, 'change_lugar'),
	(59, 'Can delete lugar', 15, 'delete_lugar'),
	(60, 'Can view lugar', 15, 'view_lugar'),
	(61, 'Can add resultado imagen', 16, 'add_resultadoimagen'),
	(62, 'Can change resultado imagen', 16, 'change_resultadoimagen'),
	(63, 'Can delete resultado imagen', 16, 'delete_resultadoimagen'),
	(64, 'Can view resultado imagen', 16, 'view_resultadoimagen'),
	(65, 'Can add especialidades', 17, 'add_especialidades'),
	(66, 'Can change especialidades', 17, 'change_especialidades'),
	(67, 'Can delete especialidades', 17, 'delete_especialidades'),
	(68, 'Can view especialidades', 17, 'view_especialidades'),
	(69, 'Can add estudios diagnosticos', 18, 'add_estudiosdiagnosticos'),
	(70, 'Can change estudios diagnosticos', 18, 'change_estudiosdiagnosticos'),
	(71, 'Can delete estudios diagnosticos', 18, 'delete_estudiosdiagnosticos'),
	(72, 'Can view estudios diagnosticos', 18, 'view_estudiosdiagnosticos'),
	(73, 'Can add medicaciones', 19, 'add_medicaciones'),
	(74, 'Can change medicaciones', 19, 'change_medicaciones'),
	(75, 'Can delete medicaciones', 19, 'delete_medicaciones'),
	(76, 'Can view medicaciones', 19, 'view_medicaciones'),
	(77, 'Can add orden estudio', 20, 'add_ordenestudio'),
	(78, 'Can change orden estudio', 20, 'change_ordenestudio'),
	(79, 'Can delete orden estudio', 20, 'delete_ordenestudio'),
	(80, 'Can view orden estudio', 20, 'view_ordenestudio'),
	(81, 'Can add plantilla estudio', 21, 'add_plantillaestudio'),
	(82, 'Can change plantilla estudio', 21, 'change_plantillaestudio'),
	(83, 'Can delete plantilla estudio', 21, 'delete_plantillaestudio'),
	(84, 'Can view plantilla estudio', 21, 'view_plantillaestudio'),
	(85, 'Can add servicio diagnostico', 22, 'add_serviciodiagnostico'),
	(86, 'Can change servicio diagnostico', 22, 'change_serviciodiagnostico'),
	(87, 'Can delete servicio diagnostico', 22, 'delete_serviciodiagnostico'),
	(88, 'Can view servicio diagnostico', 22, 'view_serviciodiagnostico'),
	(89, 'Can add turno', 23, 'add_turno'),
	(90, 'Can change turno', 23, 'change_turno'),
	(91, 'Can delete turno', 23, 'delete_turno'),
	(92, 'Can view turno', 23, 'view_turno'),
	(93, 'Can add turno estudio', 24, 'add_turnoestudio'),
	(94, 'Can change turno estudio', 24, 'change_turnoestudio'),
	(95, 'Can delete turno estudio', 24, 'delete_turnoestudio'),
	(96, 'Can view turno estudio', 24, 'view_turnoestudio'),
	(97, 'Can add resultado estudio', 25, 'add_resultadoestudio'),
	(98, 'Can change resultado estudio', 25, 'change_resultadoestudio'),
	(99, 'Can delete resultado estudio', 25, 'delete_resultadoestudio'),
	(100, 'Can view resultado estudio', 25, 'view_resultadoestudio'),
	(101, 'Can add usuario x especialidad x servicio xroles profesionales', 26, 'add_usuarioxespecialidadxservicioxrolesprofesionales'),
	(102, 'Can change usuario x especialidad x servicio xroles profesionales', 26, 'change_usuarioxespecialidadxservicioxrolesprofesionales'),
	(103, 'Can delete usuario x especialidad x servicio xroles profesionales', 26, 'delete_usuarioxespecialidadxservicioxrolesprofesionales'),
	(104, 'Can view usuario x especialidad x servicio xroles profesionales', 26, 'view_usuarioxespecialidadxservicioxrolesprofesionales'),
	(105, 'Can add usuario x departamento x jornada x lugar', 27, 'add_usuarioxdepartamentoxjornadaxlugar'),
	(106, 'Can change usuario x departamento x jornada x lugar', 27, 'change_usuarioxdepartamentoxjornadaxlugar'),
	(107, 'Can delete usuario x departamento x jornada x lugar', 27, 'delete_usuarioxdepartamentoxjornadaxlugar'),
	(108, 'Can view usuario x departamento x jornada x lugar', 27, 'view_usuarioxdepartamentoxjornadaxlugar'),
	(109, 'Can add usuario rol profesional asignado', 28, 'add_usuariorolprofesionalasignado'),
	(110, 'Can change usuario rol profesional asignado', 28, 'change_usuariorolprofesionalasignado'),
	(111, 'Can delete usuario rol profesional asignado', 28, 'delete_usuariorolprofesionalasignado'),
	(112, 'Can view usuario rol profesional asignado', 28, 'view_usuariorolprofesionalasignado'),
	(113, 'Can add usuario lugar trabajo asignado', 29, 'add_usuariolugartrabajoasignado'),
	(114, 'Can change usuario lugar trabajo asignado', 29, 'change_usuariolugartrabajoasignado'),
	(115, 'Can delete usuario lugar trabajo asignado', 29, 'delete_usuariolugartrabajoasignado'),
	(116, 'Can view usuario lugar trabajo asignado', 29, 'view_usuariolugartrabajoasignado');

-- Volcando estructura para tabla hospitalbd.controlusuario_persona
CREATE TABLE IF NOT EXISTS `controlusuario_persona` (
  `id` bigint NOT NULL AUTO_INCREMENT,
  `password` varchar(128) COLLATE utf8mb4_general_ci NOT NULL,
  `last_login` datetime(6) DEFAULT NULL,
  `is_superuser` tinyint(1) NOT NULL,
  `first_name` varchar(150) COLLATE utf8mb4_general_ci NOT NULL,
  `last_name` varchar(150) COLLATE utf8mb4_general_ci NOT NULL,
  `email` varchar(254) COLLATE utf8mb4_general_ci NOT NULL,
  `is_staff` tinyint(1) NOT NULL,
  `is_active` tinyint(1) NOT NULL,
  `date_joined` datetime(6) NOT NULL,
  `dni` varchar(8) COLLATE utf8mb4_general_ci NOT NULL,
  `login_id` varchar(100) COLLATE utf8mb4_general_ci DEFAULT NULL,
  `fecha_nacimiento` date NOT NULL,
  `sexo` varchar(10) COLLATE utf8mb4_general_ci NOT NULL,
  `telefono` varchar(20) COLLATE utf8mb4_general_ci DEFAULT NULL,
  PRIMARY KEY (`id`),
  UNIQUE KEY `dni` (`dni`),
  UNIQUE KEY `login_id` (`login_id`),
  UNIQUE KEY `telefono` (`telefono`)
) ENGINE=InnoDB AUTO_INCREMENT=6 DEFAULT CHARSET=utf8mb4 COLLATE=utf8mb4_general_ci;

-- Volcando datos para la tabla hospitalbd.controlusuario_persona: ~4 rows (aproximadamente)
INSERT INTO `controlusuario_persona` (`id`, `password`, `last_login`, `is_superuser`, `first_name`, `last_name`, `email`, `is_staff`, `is_active`, `date_joined`, `dni`, `login_id`, `fecha_nacimiento`, `sexo`, `telefono`) VALUES
	(1, 'pbkdf2_sha256$870000$bfr3D2bWtUnKczTIkShiuS$dSs/tnZaDV4+13Cf2cviy2VyGAoiTByZFj4cN5vRp4w=', '2025-10-18 20:44:28.238637', 1, 'Jose', 'Perez', '', 1, 1, '2025-10-04 21:34:37.000000', '37567897', '1000', '1990-05-10', 'M', '32321212'),
	(2, 'pbkdf2_sha256$870000$cawHt0i7nNmFyBRrBBKNyM$kHy4GYBvOoVdXkYsuZ6jzGoYB0sf0qJ+S5YoRJdBNJ8=', '2025-10-11 20:29:21.131605', 0, 'Koko', 'Kokin', 'koko@gmail.com', 0, 1, '2025-10-05 20:19:25.000000', '37534441', '1005', '2000-02-02', 'M', '21456722'),
	(3, 'pbkdf2_sha256$870000$fsvnT6xf2kI20CXwjoWwe8$+bJMLeBqnmXCU8VIa6YI6DBL1ZNBSa1cGiVb/5TU0y0=', '2025-10-11 19:06:16.864124', 0, 'Maximiliano', 'Acuña', 'maxi@gmail.com', 0, 1, '2025-10-05 20:26:53.003608', '45912425', 'maxi@gmail.com', '2004-06-29', 'M', '25160879'),
	(4, 'pbkdf2_sha256$870000$G8Qe3cr96CK4XgZCWvd55M$ILZMWEMdgvHGBNcS9fz+aJ4c4ok5CYaFN4dhlBl+VQs=', NULL, 0, 'Walter', 'White', 'white@gmail.com', 0, 0, '2025-10-16 19:34:21.715930', '33567321', '1006', '1997-07-07', 'M', '12315678'),
	(5, 'pbkdf2_sha256$870000$6owtJpqaUdvf42E0WhDN43$mnIzEVnyM2+ZcXZt+gxUdtz9ydYv+dLytZDXUAN4gDs=', NULL, 0, 'Roberto', 'Carlos', 'roberto@gmail.com', 0, 0, '2025-10-18 19:58:23.572206', '35678912', '1007', '2000-05-05', 'M', '12345562');

-- Volcando estructura para tabla hospitalbd.controlusuario_persona_groups
CREATE TABLE IF NOT EXISTS `controlusuario_persona_groups` (
  `id` bigint NOT NULL AUTO_INCREMENT,
  `persona_id` bigint NOT NULL,
  `group_id` int NOT NULL,
  PRIMARY KEY (`id`),
  UNIQUE KEY `controlUsuario_persona_groups_persona_id_group_id_63136a5a_uniq` (`persona_id`,`group_id`),
  KEY `controlUsuario_persona_groups_group_id_d8f5f8fd_fk_auth_group_id` (`group_id`),
  CONSTRAINT `controlUsuario_perso_persona_id_9653895e_fk_controlUs` FOREIGN KEY (`persona_id`) REFERENCES `controlusuario_persona` (`id`),
  CONSTRAINT `controlUsuario_persona_groups_group_id_d8f5f8fd_fk_auth_group_id` FOREIGN KEY (`group_id`) REFERENCES `auth_group` (`id`)
) ENGINE=InnoDB DEFAULT CHARSET=utf8mb4 COLLATE=utf8mb4_general_ci;

-- Volcando datos para la tabla hospitalbd.controlusuario_persona_groups: ~0 rows (aproximadamente)

-- Volcando estructura para tabla hospitalbd.controlusuario_persona_user_permissions
CREATE TABLE IF NOT EXISTS `controlusuario_persona_user_permissions` (
  `id` bigint NOT NULL AUTO_INCREMENT,
  `persona_id` bigint NOT NULL,
  `permission_id` int NOT NULL,
  PRIMARY KEY (`id`),
  UNIQUE KEY `controlUsuario_persona_u_persona_id_permission_id_680a1b3d_uniq` (`persona_id`,`permission_id`),
  KEY `controlUsuario_perso_permission_id_4f00a6b1_fk_auth_perm` (`permission_id`),
  CONSTRAINT `controlUsuario_perso_permission_id_4f00a6b1_fk_auth_perm` FOREIGN KEY (`permission_id`) REFERENCES `auth_permission` (`id`),
  CONSTRAINT `controlUsuario_perso_persona_id_67a51105_fk_controlUs` FOREIGN KEY (`persona_id`) REFERENCES `controlusuario_persona` (`id`)
) ENGINE=InnoDB DEFAULT CHARSET=utf8mb4 COLLATE=utf8mb4_general_ci;

-- Volcando datos para la tabla hospitalbd.controlusuario_persona_user_permissions: ~0 rows (aproximadamente)

-- Volcando estructura para tabla hospitalbd.controlusuario_rolesprofesionales
CREATE TABLE IF NOT EXISTS `controlusuario_rolesprofesionales` (
  `id` bigint NOT NULL AUTO_INCREMENT,
  `nombre_rol_profesional` varchar(255) COLLATE utf8mb4_general_ci NOT NULL,
  `tipoUsuario_id` bigint NOT NULL,
  `especialidad_id` bigint DEFAULT NULL,
  `servicio_diagnostico_id` bigint DEFAULT NULL,
  PRIMARY KEY (`id`),
  KEY `controlUsuario_roles_tipoUsuario_id_76331948_fk_controlUs` (`tipoUsuario_id`),
  KEY `controlUsuario_roles_especialidad_id_1a767efc_fk_hospital_` (`especialidad_id`),
  KEY `controlUsuario_roles_servicio_diagnostico_b8232b32_fk_hospital_` (`servicio_diagnostico_id`),
  CONSTRAINT `controlUsuario_roles_especialidad_id_1a767efc_fk_hospital_` FOREIGN KEY (`especialidad_id`) REFERENCES `hospital_personal_especialidades` (`id`),
  CONSTRAINT `controlUsuario_roles_servicio_diagnostico_b8232b32_fk_hospital_` FOREIGN KEY (`servicio_diagnostico_id`) REFERENCES `hospital_personal_serviciodiagnostico` (`id`),
  CONSTRAINT `controlUsuario_roles_tipoUsuario_id_76331948_fk_controlUs` FOREIGN KEY (`tipoUsuario_id`) REFERENCES `controlusuario_tiposusuarios` (`id`)
) ENGINE=InnoDB AUTO_INCREMENT=81 DEFAULT CHARSET=utf8mb4 COLLATE=utf8mb4_general_ci;

-- Volcando datos para la tabla hospitalbd.controlusuario_rolesprofesionales: ~80 rows (aproximadamente)
INSERT INTO `controlusuario_rolesprofesionales` (`id`, `nombre_rol_profesional`, `tipoUsuario_id`, `especialidad_id`, `servicio_diagnostico_id`) VALUES
	(1, 'Médico General', 3, 3, NULL),
	(2, 'Médico de Urgencias', 3, 1, NULL),
	(3, 'Cirujano de Urgencias', 3, 1, NULL),
	(4, 'Pediatra', 3, 4, NULL),
	(5, 'Ginecólogo-Obstetra', 3, 5, NULL),
	(6, 'Dermatólogo', 3, 6, NULL),
	(7, 'Cirujano General', 3, 7, NULL),
	(8, 'Cirujano Oncológico', 3, 8, NULL),
	(9, 'Cirujano Vascular', 3, 9, NULL),
	(10, 'Médico de Cuidados Críticos', 3, 10, NULL),
	(11, 'Anestesiólogo', 3, 11, NULL),
	(12, 'Radiólogo Intervencionista', 3, 12, NULL),
	(13, 'Patólogo', 3, 13, NULL),
	(14, 'Microbiólogo Clínico', 3, 14, NULL),
	(15, 'Oncólogo', 3, 15, NULL),
	(16, 'Oncólogo Ginecológico', 3, 16, NULL),
	(17, 'Neonatólogo', 3, 17, NULL),
	(18, 'Obstetra', 3, 18, NULL),
	(19, 'Ginecólogo', 3, 19, NULL),
	(20, 'Dermatólogo Estético', 3, 20, NULL),
	(21, 'Cirujano Dermatológico', 3, 21, NULL),
	(22, 'Pediatra de Emergencias', 3, 22, NULL),
	(23, 'Médico en Gestión de Desastres', 3, 23, NULL),
	(24, 'Cardiólogo', 3, 24, NULL),
	(25, 'Neumólogo', 3, 25, NULL),
	(26, 'Endocrinólogo', 3, 26, NULL),
	(27, 'Oftalmólogo', 3, 27, NULL),
	(28, 'Otorrinolaringólogo', 3, 28, NULL),
	(29, 'Urólogo', 3, 29, NULL),
	(30, 'Reumatólogo', 3, 30, NULL),
	(31, 'Gastroenterólogo', 3, 31, NULL),
	(32, 'Neurólogo', 3, 32, NULL),
	(33, 'Cirujano Torácico', 3, 33, NULL),
	(34, 'Cirujano Plástico', 3, 34, NULL),
	(35, 'Cirujano Ortopédico', 3, 35, NULL),
	(36, 'Intensivista en Neurología', 3, 36, NULL),
	(37, 'Médico de Cuidados Paliativos', 3, 37, NULL),
	(38, 'Técnico en Radiología Convencional', 5, NULL, 1),
	(39, 'Médico Ecografista de Emergencias', 5, NULL, 2),
	(40, 'Técnico en Laboratorio Clínico', 5, NULL, 4),
	(41, 'Técnico en Electrocardiografía', 5, NULL, 5),
	(42, 'Médico Ecografista General', 5, NULL, 6),
	(43, 'Técnico en Función Pulmonar', 5, NULL, 7),
	(44, 'Médico Endoscopista', 5, NULL, 8),
	(45, 'Técnico en Audiometría', 5, NULL, 9),
	(46, 'Optometrista Clínico', 5, NULL, 10),
	(47, 'Técnico en Alergología', 5, NULL, 11),
	(48, 'Técnico Radiólogo Quirúrgico', 5, NULL, 12),
	(49, 'Técnico en Tomografía Axial Computarizada', 5, NULL, 13),
	(50, 'Técnico en Resonancia Magnética', 5, NULL, 14),
	(51, 'Técnico en Monitoreo Cardiaco', 5, NULL, 15),
	(52, 'Kinesiólogo Respiratorio', 5, NULL, 16),
	(53, 'Técnico en Neurofisiología Clínica', 5, NULL, 17),
	(54, 'Técnico Radiólogo General', 5, NULL, 18),
	(55, 'Técnico Mamógrafo', 5, NULL, 22),
	(56, 'Bioquímico Hematólogo', 5, NULL, 23),
	(57, 'Bioquímico Urinólogo', 5, NULL, 24),
	(58, 'Bioquímico Molecular', 5, NULL, 25),
	(59, 'Patólogo Oncológico', 5, NULL, 27),
	(60, 'Técnico en Radioterapia', 5, NULL, 28),
	(61, 'Bioquímico Neonatal', 5, NULL, 29),
	(62, 'Ecografista Pediátrico', 5, NULL, 30),
	(63, 'Ecografista Ginecológico', 5, NULL, 31),
	(64, 'Especialista en Reproducción Asistida', 5, NULL, 32),
	(65, 'Dermatólogo Dermatoscopista', 5, NULL, 33),
	(66, 'Dermatólogo Alergólogo', 5, NULL, 34),
	(67, 'Bioquímico Endocrinólogo', 5, NULL, 35),
	(68, 'Microbiólogo Clínico', 5, NULL, 36),
	(69, 'Técnico en Diagnóstico Funcional Cardiológico', 5, NULL, 37),
	(70, 'Bioquímico Clínico General', 5, NULL, 38),
	(71, 'Bioquímico Inmunólogo', 5, NULL, 39),
	(72, 'Hemoterapeuta', 5, NULL, 40),
	(73, 'Ecocardiografista Clínico', 5, NULL, 41),
	(74, 'Neumonólogo Clínico', 5, NULL, 42),
	(75, 'Bioquímico Hormonólogo', 5, NULL, 43),
	(76, 'Operador de Mamografía', 5, NULL, 44),
	(77, 'Anatomopatólogo Clínico', 5, NULL, 45),
	(78, 'Ginecólogo Clínico', 5, NULL, 46),
	(79, 'Dermatólogo Clínico', 5, NULL, 47),
	(80, 'Neurólogo Clínico', 5, NULL, 48);

-- Volcando estructura para tabla hospitalbd.controlusuario_tiposusuarios
CREATE TABLE IF NOT EXISTS `controlusuario_tiposusuarios` (
  `id` bigint NOT NULL AUTO_INCREMENT,
  `nombre_tipoUsuario` varchar(255) COLLATE utf8mb4_general_ci NOT NULL,
  PRIMARY KEY (`id`)
) ENGINE=InnoDB AUTO_INCREMENT=7 DEFAULT CHARSET=utf8mb4 COLLATE=utf8mb4_general_ci;

-- Volcando datos para la tabla hospitalbd.controlusuario_tiposusuarios: ~6 rows (aproximadamente)
INSERT INTO `controlusuario_tiposusuarios` (`id`, `nombre_tipoUsuario`) VALUES
	(1, 'Superadministrador'),
	(2, 'Administrador'),
	(3, 'Médico'),
	(4, 'Enfermero'),
	(5, 'Apoyo en Diagnóstico y Tratamiento'),
	(6, 'Cargador de Resultados');

-- Volcando estructura para tabla hospitalbd.controlusuario_usuario
CREATE TABLE IF NOT EXISTS `controlusuario_usuario` (
  `id` bigint NOT NULL AUTO_INCREMENT,
  `numero_matricula` varchar(50) COLLATE utf8mb4_general_ci DEFAULT NULL,
  `debe_cambiar_contraseña` tinyint(1) NOT NULL,
  `persona_id` bigint NOT NULL,
  `tipoUsuario_id` bigint NOT NULL,
  PRIMARY KEY (`id`),
  UNIQUE KEY `persona_id` (`persona_id`),
  KEY `controlUsuario_usuar_tipoUsuario_id_ded93330_fk_controlUs` (`tipoUsuario_id`),
  CONSTRAINT `controlUsuario_usuar_persona_id_60479e85_fk_controlUs` FOREIGN KEY (`persona_id`) REFERENCES `controlusuario_persona` (`id`),
  CONSTRAINT `controlUsuario_usuar_tipoUsuario_id_ded93330_fk_controlUs` FOREIGN KEY (`tipoUsuario_id`) REFERENCES `controlusuario_tiposusuarios` (`id`)
) ENGINE=InnoDB AUTO_INCREMENT=5 DEFAULT CHARSET=utf8mb4 COLLATE=utf8mb4_general_ci;

-- Volcando datos para la tabla hospitalbd.controlusuario_usuario: ~3 rows (aproximadamente)
INSERT INTO `controlusuario_usuario` (`id`, `numero_matricula`, `debe_cambiar_contraseña`, `persona_id`, `tipoUsuario_id`) VALUES
	(1, NULL, 0, 1, 1),
	(2, '10015', 0, 2, 3),
	(3, '11111', 1, 4, 5),
	(4, '15321', 1, 5, 3);

-- Volcando estructura para tabla hospitalbd.django_admin_log
CREATE TABLE IF NOT EXISTS `django_admin_log` (
  `id` int NOT NULL AUTO_INCREMENT,
  `action_time` datetime(6) NOT NULL,
  `object_id` longtext COLLATE utf8mb4_general_ci,
  `object_repr` varchar(200) COLLATE utf8mb4_general_ci NOT NULL,
  `action_flag` smallint unsigned NOT NULL,
  `change_message` longtext COLLATE utf8mb4_general_ci NOT NULL,
  `content_type_id` int DEFAULT NULL,
  `user_id` bigint NOT NULL,
  PRIMARY KEY (`id`),
  KEY `django_admin_log_content_type_id_c4bce8eb_fk_django_co` (`content_type_id`),
  KEY `django_admin_log_user_id_c564eba6_fk_controlUsuario_persona_id` (`user_id`),
  CONSTRAINT `django_admin_log_content_type_id_c4bce8eb_fk_django_co` FOREIGN KEY (`content_type_id`) REFERENCES `django_content_type` (`id`),
  CONSTRAINT `django_admin_log_user_id_c564eba6_fk_controlUsuario_persona_id` FOREIGN KEY (`user_id`) REFERENCES `controlusuario_persona` (`id`),
  CONSTRAINT `django_admin_log_chk_1` CHECK ((`action_flag` >= 0))
) ENGINE=InnoDB AUTO_INCREMENT=303 DEFAULT CHARSET=utf8mb4 COLLATE=utf8mb4_general_ci;

-- Volcando datos para la tabla hospitalbd.django_admin_log: ~113 rows (aproximadamente)
INSERT INTO `django_admin_log` (`id`, `action_time`, `object_id`, `object_repr`, `action_flag`, `change_message`, `content_type_id`, `user_id`) VALUES
	(1, '2025-10-04 23:31:33.118986', '1', 'Jose Perez (1000) - DNI: 37567897', 2, '[{"changed": {"fields": ["Dni", "Sexo", "Telefono"]}}]', 7, 1),
	(2, '2025-10-04 23:33:24.096005', '1', 'Usuario: 1 - Jose Perez - Legajo hospitalario: 1000', 1, '[{"added": {}}]', 9, 1),
	(3, '2025-10-05 17:30:44.817046', '272', '272 - El estudio \'Colesterol total\' se realiza en Pruebas de Laboratorio Clínico - Tipo Resultado: (Laboratorio)', 1, '[{"added": {}}]', 18, 1),
	(4, '2025-10-05 17:35:23.308110', '273', '273 - El estudio \'Urea\' se realiza en Pruebas de Laboratorio Clínico - Tipo Resultado: (Laboratorio)', 1, '[{"added": {}}]', 18, 1),
	(5, '2025-10-05 17:35:38.410741', '274', '274 - El estudio \'Creatinina\' se realiza en Pruebas de Laboratorio Clínico - Tipo Resultado: (Laboratorio)', 1, '[{"added": {}}]', 18, 1),
	(6, '2025-10-05 17:38:11.333057', '275', '275 - El estudio \'Ionograma\' se realiza en Pruebas de Laboratorio Clínico - Tipo Resultado: (Laboratorio)', 1, '[{"added": {}}]', 18, 1),
	(7, '2025-10-05 17:41:03.489613', '276', '276 - El estudio \'Ácido úrico\' se realiza en Pruebas de Laboratorio Clínico - Tipo Resultado: (Laboratorio)', 1, '[{"added": {}}]', 18, 1),
	(8, '2025-10-05 18:33:48.887423', '277', '277 - El estudio \'Hepatograma\' se realiza en Pruebas de Laboratorio Clínico - Tipo Resultado: (Laboratorio)', 1, '[{"added": {}}]', 18, 1),
	(9, '2025-10-05 18:35:59.421130', '278', '278 - El estudio \'Eritrosedimentación (VSG)\' se realiza en Pruebas de Laboratorio Clínico - Tipo Resultado: (Laboratorio)', 1, '[{"added": {}}]', 18, 1),
	(10, '2025-10-05 18:37:26.728484', '279', '279 - El estudio \'Proteína C Reactiva (PCR)\' se realiza en Pruebas de Laboratorio Clínico - Tipo Resultado: (Laboratorio)', 1, '[{"added": {}}]', 18, 1),
	(11, '2025-10-05 18:41:07.995547', '280', '280 - El estudio \'Insulinemia\' se realiza en Pruebas de Laboratorio Clínico - Tipo Resultado: (Laboratorio)', 1, '[{"added": {}}]', 18, 1),
	(12, '2025-10-05 18:44:53.668369', '281', '281 - El estudio \'Cortisol plasmático\' se realiza en Pruebas de Laboratorio Clínico - Tipo Resultado: (Laboratorio)', 1, '[{"added": {}}]', 18, 1),
	(13, '2025-10-05 18:47:12.334656', '282', '282 - El estudio \'Calcemia\' se realiza en Pruebas de Laboratorio Clínico - Tipo Resultado: (Laboratorio)', 1, '[{"added": {}}]', 18, 1),
	(14, '2025-10-05 18:47:28.683523', '283', '283 - El estudio \'Fosfatemia\' se realiza en Pruebas de Laboratorio Clínico - Tipo Resultado: (Laboratorio)', 1, '[{"added": {}}]', 18, 1),
	(15, '2025-10-05 18:49:11.410760', '284', '284 - El estudio \'Vitamina D\' se realiza en Pruebas de Laboratorio Clínico - Tipo Resultado: (Laboratorio)', 1, '[{"added": {}}]', 18, 1),
	(16, '2025-10-05 19:07:07.341937', '155', 'Laboratorio de Endocrinología (LAB-END-202) - Estado: disponible', 1, '[{"added": {}}]', 15, 1),
	(17, '2025-10-05 19:24:26.610357', '13', 'Endocrinología y Metabolismo', 1, '[{"added": {}}]', 13, 1),
	(18, '2025-10-05 19:26:21.580704', '35', 'ID servicio de diagnostico 35 - Nombre: Laboratorio de Endocrinología - Departamento: Endocrinología y Metabolismo', 1, '[{"added": {}}]', 22, 1),
	(19, '2025-10-05 19:27:28.103903', '285', '285 - El estudio \'Perfil hormonal masculino\' se realiza en Laboratorio de Endocrinología - Tipo Resultado: (Laboratorio)', 1, '[{"added": {}}]', 18, 1),
	(20, '2025-10-05 19:33:54.821620', '156', 'Laboratorio de Bacteriología (LAB-BAC-203) - Estado: disponible', 1, '[{"added": {}}]', 15, 1),
	(21, '2025-10-05 19:35:27.247669', '14', 'Microbiología y Bacteriología', 1, '[{"added": {}}]', 13, 1),
	(22, '2025-10-05 19:38:09.173780', '36', 'ID servicio de diagnostico 36 - Nombre: Laboratorio de Bacteriología - Departamento: Microbiología y Bacteriología', 1, '[{"added": {}}]', 22, 1),
	(23, '2025-10-05 19:42:03.228524', '286', '286 - El estudio \'Hemocultivo\' se realiza en Laboratorio de Bacteriología - Tipo Resultado: (Laboratorio)', 1, '[{"added": {}}]', 18, 1),
	(24, '2025-10-05 19:42:35.436537', '287', '287 - El estudio \'Urocultivo\' se realiza en Laboratorio de Bacteriología - Tipo Resultado: (Laboratorio)', 1, '[{"added": {}}]', 18, 1),
	(25, '2025-10-05 19:48:06.149411', '288', '288 - El estudio \'Coprocultivo\' se realiza en Laboratorio de Bacteriología - Tipo Resultado: (Laboratorio)', 1, '[{"added": {}}]', 18, 1),
	(26, '2025-10-05 20:09:43.564658', '157', 'Área de Diagnostico Funcional cardiológico (DIA-CAR-204) - Estado: disponible', 1, '[{"added": {}}]', 15, 1),
	(27, '2025-10-05 20:11:46.887094', '37', 'ID servicio de diagnostico 37 - Nombre: Área de Diagnóstico Funcional Cardiológico - Departamento: Cardiología', 1, '[{"added": {}}]', 22, 1),
	(28, '2025-10-05 20:15:05.550103', '37', 'ID servicio de diagnostico 37 - Nombre: Área de Diagnóstico Funcional Cardiológico - Departamento: Cardiología', 2, '[{"changed": {"fields": ["Descripcion"]}}]', 22, 1),
	(29, '2025-10-05 20:15:58.192330', '289', '289 - El estudio \'Prueba ergométrica\' se realiza en Área de Diagnóstico Funcional Cardiológico - Tipo Resultado: (Fisiológico)', 1, '[{"added": {}}]', 18, 1),
	(30, '2025-10-05 20:30:33.190755', '1', 'ID turno: 1, Estado: Pendiente', 2, '[{"changed": {"fields": ["Fecha turno"]}}]', 23, 1),
	(31, '2025-10-05 20:31:19.909289', '2', 'Koko Kokin (1005) - DNI: 37534441', 2, '[{"changed": {"fields": ["Active"]}}]', 7, 1),
	(32, '2025-10-06 00:46:56.297874', '158', 'Laboratorio de Bioquímica Clínica (LAB-BIOQUI-220) - Estado: disponible', 1, '[{"added": {}}]', 15, 1),
	(33, '2025-10-06 01:02:18.299920', '159', 'Laboratorio de Inmunología (LAB-INMU-221) - Estado: disponible', 1, '[{"added": {}}]', 15, 1),
	(34, '2025-10-06 01:22:06.357613', '160', 'Laboratorio de Banco de Sangre (LAB-BSAN-222) - Estado: disponible', 1, '[{"added": {}}]', 15, 1),
	(35, '2025-10-06 02:25:50.462584', '161', 'Laboratorio de ecocardiografía (LAB-ECOCAR-224) - Estado: disponible', 1, '[{"added": {}}]', 15, 1),
	(36, '2025-10-06 02:30:41.156446', '161', 'Laboratorio de Ecocardiografía (LAB-ECOCAR-224) - Estado: disponible', 2, '[{"changed": {"fields": ["Nombre"]}}]', 15, 1),
	(37, '2025-10-06 03:22:28.616834', '15', 'Neumología', 1, '[{"added": {}}]', 13, 1),
	(38, '2025-10-06 03:25:06.624943', '162', 'Laboratorio de Función Pulmonar (LAB-FPUL-225) - Estado: disponible', 1, '[{"added": {}}]', 15, 1),
	(39, '2025-10-06 03:27:57.339187', '163', 'Consultorio de Neumología 1 (CONS-NEU-226) - Estado: disponible', 1, '[{"added": {}}]', 15, 1),
	(40, '2025-10-06 03:28:38.099449', '163', 'Consultorio de Neumología 1 (CONS-NEU-226) - Estado: disponible', 2, '[{"changed": {"fields": ["Capacidad"]}}]', 15, 1),
	(41, '2025-10-06 03:29:14.031119', '164', 'Consultorio de Neumología 2 (CONS-NEU-227) - Estado: disponible', 1, '[{"added": {}}]', 15, 1),
	(42, '2025-10-06 15:52:33.344481', '1', 'ID turno: 1, Estado: Pendiente', 2, '[{"changed": {"fields": ["Especialidad", "Fecha turno"]}}]', 23, 1),
	(43, '2025-10-06 15:53:43.736879', '1', 'Usuario: Koko Kokin - N° Legajo: 1005 - Especialidad: Pediatría - N° Matricula: 10015', 2, '[{"changed": {"fields": ["Especialidad"]}}]', 26, 1),
	(44, '2025-10-06 15:56:13.718727', '1', 'Usuario: Koko Kokin - N° Legajo: 1005 - Especialidad: Medicina General - N° Matricula: 10015', 2, '[{"changed": {"fields": ["Especialidad"]}}]', 26, 1),
	(45, '2025-10-06 15:56:51.286775', '1', 'ID turno: 1, Estado: Pendiente', 2, '[{"changed": {"fields": ["Especialidad"]}}]', 23, 1),
	(46, '2025-10-06 16:24:15.764996', '165', 'Laboratorio de Hormonas (LAB-HOR-227) - Estado: disponible', 1, '[{"added": {}}]', 15, 1),
	(47, '2025-10-06 18:05:19.734308', '166', 'Sala de Mamografía (LAB-MAMO-228) - Estado: disponible', 1, '[{"added": {}}]', 15, 1),
	(48, '2025-10-06 20:50:43.275005', '167', 'Laboratorio en histotecnología (LAB-HIST-228) - Estado: disponible', 1, '[{"added": {}}]', 15, 1),
	(49, '2025-10-06 20:51:06.924154', '167', 'Laboratorio en Histotecnología (LAB-HIST-228) - Estado: disponible', 2, '[{"changed": {"fields": ["Nombre"]}}]', 15, 1),
	(50, '2025-10-06 20:53:50.334122', '16', 'Diagnostico', 1, '[{"added": {}}]', 13, 1),
	(51, '2025-10-06 20:54:04.465624', '16', 'Diagnostico', 2, '[{"changed": {"fields": ["Descripcion"]}}]', 13, 1),
	(52, '2025-10-07 20:07:57.211713', '168', 'Laboratorios Dermatocosméticos (LAB-DERCOS-230) - Estado: disponible', 1, '[{"added": {}}]', 15, 1),
	(53, '2025-10-08 02:20:24.903731', '17', 'Neurología', 1, '[{"added": {}}]', 13, 1),
	(54, '2025-10-09 22:04:03.879082', '1', 'ID turno: 1, Estado: Pendiente', 2, '[{"changed": {"fields": ["Fecha turno"]}}]', 23, 1),
	(55, '2025-10-11 19:47:28.728569', '2', 'ID turno: 2, Estado: Pendiente', 2, '[{"changed": {"fields": ["Estado"]}}]', 23, 1),
	(56, '2025-10-15 22:53:03.781078', '1', 'Médico General', 2, '[{"changed": {"fields": ["Nombre rol profesional", "Especialidad"]}}]', 8, 1),
	(57, '2025-10-15 22:53:16.937102', '2', 'Médico de Urgencias', 2, '[{"changed": {"fields": ["Especialidad"]}}]', 8, 1),
	(58, '2025-10-15 22:53:40.763071', '3', 'Cirujano de Urgencias', 2, '[{"changed": {"fields": ["Especialidad"]}}]', 8, 1),
	(59, '2025-10-15 22:53:48.452930', '4', 'Pediatra', 2, '[{"changed": {"fields": ["Especialidad"]}}]', 8, 1),
	(60, '2025-10-15 22:54:02.791099', '5', 'Ginecólogo-Obstetra', 2, '[{"changed": {"fields": ["Especialidad"]}}]', 8, 1),
	(61, '2025-10-15 22:54:11.976378', '6', 'Dermatólogo', 2, '[{"changed": {"fields": ["Especialidad"]}}]', 8, 1),
	(62, '2025-10-15 22:54:20.716857', '7', 'Cirujano General', 2, '[{"changed": {"fields": ["Especialidad"]}}]', 8, 1),
	(63, '2025-10-15 22:54:29.120380', '8', 'Cirujano Oncológico', 2, '[{"changed": {"fields": ["Especialidad"]}}]', 8, 1),
	(64, '2025-10-15 22:54:40.590688', '9', 'Cirujano Vascular', 2, '[{"changed": {"fields": ["Especialidad"]}}]', 8, 1),
	(65, '2025-10-15 22:54:51.832424', '10', 'Médico de Cuidados Críticos', 2, '[{"changed": {"fields": ["Especialidad"]}}]', 8, 1),
	(66, '2025-10-15 22:55:00.489468', '11', 'Anestesiólogo', 2, '[{"changed": {"fields": ["Especialidad"]}}]', 8, 1),
	(67, '2025-10-15 22:55:08.607816', '12', 'Radiólogo Intervencionista', 2, '[{"changed": {"fields": ["Especialidad"]}}]', 8, 1),
	(68, '2025-10-15 22:55:16.068759', '13', 'Patólogo', 2, '[{"changed": {"fields": ["Especialidad"]}}]', 8, 1),
	(69, '2025-10-15 22:55:24.272756', '14', 'Microbiólogo Clínico', 2, '[{"changed": {"fields": ["Especialidad"]}}]', 8, 1),
	(70, '2025-10-15 22:55:34.141017', '15', 'Oncólogo', 2, '[{"changed": {"fields": ["Especialidad"]}}]', 8, 1),
	(71, '2025-10-15 22:55:41.521354', '16', 'Oncólogo Ginecológico', 2, '[{"changed": {"fields": ["Especialidad"]}}]', 8, 1),
	(72, '2025-10-15 22:55:48.953368', '17', 'Neonatólogo', 2, '[{"changed": {"fields": ["Especialidad"]}}]', 8, 1),
	(73, '2025-10-15 22:55:57.691020', '18', 'Obstetra', 2, '[{"changed": {"fields": ["Especialidad"]}}]', 8, 1),
	(74, '2025-10-15 22:56:06.153705', '19', 'Ginecólogo', 2, '[{"changed": {"fields": ["Especialidad"]}}]', 8, 1),
	(75, '2025-10-15 22:56:19.403345', '20', 'Dermatólogo Estético', 2, '[{"changed": {"fields": ["Especialidad"]}}]', 8, 1),
	(76, '2025-10-15 22:56:30.008681', '21', 'Cirujano Dermatológico', 2, '[{"changed": {"fields": ["Especialidad"]}}]', 8, 1),
	(77, '2025-10-15 22:56:43.971570', '22', 'Pediatra de Emergencias', 2, '[{"changed": {"fields": ["Especialidad"]}}]', 8, 1),
	(78, '2025-10-15 22:56:52.919467', '23', 'Médico en Gestión de Desastres', 2, '[{"changed": {"fields": ["Especialidad"]}}]', 8, 1),
	(79, '2025-10-15 22:57:00.705143', '24', 'Cardiólogo', 2, '[{"changed": {"fields": ["Especialidad"]}}]', 8, 1),
	(80, '2025-10-15 22:57:11.761335', '25', 'Neumólogo', 2, '[{"changed": {"fields": ["Especialidad"]}}]', 8, 1),
	(81, '2025-10-15 22:57:20.874820', '26', 'Endocrinólogo', 2, '[{"changed": {"fields": ["Especialidad"]}}]', 8, 1),
	(82, '2025-10-15 22:57:28.894765', '27', 'Oftalmólogo', 2, '[{"changed": {"fields": ["Especialidad"]}}]', 8, 1),
	(83, '2025-10-15 22:57:46.689736', '28', 'Otorrinolaringólogo', 2, '[{"changed": {"fields": ["Especialidad"]}}]', 8, 1),
	(84, '2025-10-15 22:58:23.982549', '29', 'Urólogo', 2, '[{"changed": {"fields": ["Especialidad"]}}]', 8, 1),
	(85, '2025-10-15 22:58:31.106036', '30', 'Reumatólogo', 2, '[{"changed": {"fields": ["Especialidad"]}}]', 8, 1),
	(86, '2025-10-15 22:59:22.746145', '31', 'Gastroenterólogo', 2, '[{"changed": {"fields": ["Especialidad"]}}]', 8, 1),
	(87, '2025-10-15 22:59:33.963655', '32', 'Neurólogo', 2, '[{"changed": {"fields": ["Especialidad"]}}]', 8, 1),
	(88, '2025-10-15 22:59:45.244205', '33', 'Cirujano Torácico', 2, '[{"changed": {"fields": ["Especialidad"]}}]', 8, 1),
	(89, '2025-10-15 22:59:53.488723', '34', 'Cirujano Plástico', 2, '[{"changed": {"fields": ["Especialidad"]}}]', 8, 1),
	(90, '2025-10-15 23:00:02.367296', '35', 'Cirujano Ortopédico', 2, '[{"changed": {"fields": ["Especialidad"]}}]', 8, 1),
	(91, '2025-10-15 23:00:12.002776', '36', 'Intensivista en Neurología', 2, '[{"changed": {"fields": ["Especialidad"]}}]', 8, 1),
	(92, '2025-10-15 23:00:19.059581', '37', 'Médico de Cuidados Paliativos', 2, '[{"changed": {"fields": ["Especialidad"]}}]', 8, 1),
	(93, '2025-10-16 23:14:23.690341', '606', '606 - El estudio \'TAC de tórax politrauma\' se realiza en Tomografía Axial Computarizada (TAC) - Tipo Resultado: (Imagen)', 3, '', 18, 1),
	(94, '2025-10-16 23:15:30.456588', '139', '139 - El estudio \'TAC abdominal\' se realiza en Tomografía Computarizada (TAC) - Tipo Resultado: (Imagen)', 3, '', 18, 1),
	(95, '2025-10-16 23:38:53.442723', '3', 'ID servicio de diagnostico 3 - Nombre: Tomografía Computarizada de Emergencia - Departamento: Urgencias (Emergencias)', 3, '', 22, 1),
	(96, '2025-10-16 23:41:35.360095', '19', 'ID servicio de diagnostico 19 - Nombre: Tomografía Computarizada (TAC) - Departamento: Radiología y Diagnóstico por Imagen', 3, '', 22, 1),
	(97, '2025-10-16 23:43:10.850983', '26', 'ID servicio de diagnostico 26 - Nombre: Asesoría Farmacéutica - Departamento: Farmacia', 3, '', 22, 1),
	(98, '2025-10-17 00:16:49.390115', '240', '240 - El estudio \'Ecografía abdominal\' se realiza en Ecografía General 2 - Tipo Resultado: (Imagen)', 3, '', 18, 1),
	(99, '2025-10-17 00:17:53.885668', '246', '246 - El estudio \'Doppler arterial\' se realiza en Ecografía General 2 - Tipo Resultado: (Imagen)', 3, '', 18, 1),
	(100, '2025-10-17 00:19:00.717320', '247', '247 - El estudio \'Doppler venoso\' se realiza en Ecografía General 2 - Tipo Resultado: (Imagen)', 3, '', 18, 1),
	(101, '2025-10-17 00:24:17.812857', '258', '258 - El estudio \'Evaluación vascular de colgajos\' se realiza en Ecografía General 2 - Tipo Resultado: (Imagen)', 3, '', 18, 1),
	(102, '2025-10-17 00:25:18.506796', '202', '202 - El estudio \'Ultrasonido musculoesquelético\' se realiza en Ecografía General 1 - Tipo Resultado: (Imagen)', 3, '', 18, 1),
	(103, '2025-10-17 00:25:32.743879', '262', '262 - El estudio \'Ultrasonido musculoesquelético\' se realiza en Ecografía General 2 - Tipo Resultado: (Imagen)', 3, '', 18, 1),
	(104, '2025-10-17 00:26:37.428243', '21', 'ID servicio de diagnostico 21 - Nombre: Ecografía General 2 - Departamento: Radiología y Diagnóstico por Imagen', 3, '', 22, 1),
	(105, '2025-10-17 00:41:58.342987', '254', '254 - El estudio \'RM de vasos periféricos\' se realiza en Resonancia Magnética 2 - Tipo Resultado: (Imagen)', 3, '', 18, 1),
	(106, '2025-10-17 00:43:58.277367', '257', '257 - El estudio \'RM de área quirúrgica\' se realiza en Resonancia Magnética 2 - Tipo Resultado: (Imagen)', 3, '', 18, 1),
	(107, '2025-10-17 00:45:33.962168', '211', '211 - El estudio \'Resonancia magnética urgente\' se realiza en Resonancia Magnética 2 - Tipo Resultado: (Imagen)', 3, '', 18, 1),
	(108, '2025-10-17 00:46:51.056069', '222', '222 - El estudio \'RM cerebral urgente\' se realiza en Resonancia Magnética 2 - Tipo Resultado: (Imagen)', 3, '', 18, 1),
	(109, '2025-10-17 00:47:18.055830', '242', '242 - El estudio \'RM cerebral\' se realiza en Resonancia Magnética 2 - Tipo Resultado: (Imagen)', 3, '', 18, 1),
	(110, '2025-10-17 00:48:12.951224', '244', '244 - El estudio \'RM torácica\' se realiza en Resonancia Magnética 2 - Tipo Resultado: (Imagen)', 3, '', 18, 1),
	(111, '2025-10-17 00:48:50.334938', '249', '249 - El estudio \'Angiografía por RM\' se realiza en Resonancia Magnética 2 - Tipo Resultado: (Imagen)', 3, '', 18, 1),
	(112, '2025-10-17 00:49:49.761168', '271', '271 - El estudio \'Resonancia magnética urgente\' se realiza en Resonancia Magnética 2 - Tipo Resultado: (Imagen)', 3, '', 18, 1),
	(113, '2025-10-17 00:50:56.772731', '20', 'ID servicio de diagnostico 20 - Nombre: Resonancia Magnética 2 - Departamento: Radiología y Diagnóstico por Imagen', 3, '', 22, 1),
	(114, '2025-10-18 00:16:22.035532', '1', 'Sala de Urgencias 1 (URG-101) - Estado: disponible', 2, '[{"changed": {"fields": ["Departamento"]}}]', 15, 1),
	(115, '2025-10-18 00:16:48.048401', '2', 'Sala de Urgencias 2 (URG-102) - Estado: disponible', 2, '[{"changed": {"fields": ["Departamento"]}}]', 15, 1),
	(116, '2025-10-18 00:16:58.021139', '3', 'Consultorio de Urgencias 1 (CONS-URG-103) - Estado: disponible', 2, '[{"changed": {"fields": ["Departamento"]}}]', 15, 1),
	(117, '2025-10-18 00:21:56.388365', '4', 'Quirófano de Trauma 1 (QUI-TRA-201) - Estado: disponible', 2, '[{"changed": {"fields": ["Departamento"]}}]', 15, 1),
	(118, '2025-10-18 00:22:06.503595', '5', 'Quirófano de Trauma 2 (QUI-TRA-202) - Estado: disponible', 2, '[{"changed": {"fields": ["Departamento"]}}]', 15, 1),
	(119, '2025-10-18 00:22:45.911136', '6', 'Sala de Reanimación 1 (REA-203) - Estado: disponible', 2, '[{"changed": {"fields": ["Departamento"]}}]', 15, 1),
	(120, '2025-10-18 00:23:45.566981', '7', 'Consultorio de Medicina General 1 (CONS-MG-101) - Estado: disponible', 2, '[{"changed": {"fields": ["Departamento"]}}]', 15, 1),
	(121, '2025-10-18 00:24:02.250948', '8', 'Consultorio de Medicina General 2 (CONS-MG-102) - Estado: disponible', 2, '[{"changed": {"fields": ["Departamento"]}}]', 15, 1),
	(122, '2025-10-18 00:24:14.231766', '9', 'Consultorio de Medicina General 3 (CONS-MG-103) - Estado: disponible', 2, '[{"changed": {"fields": ["Departamento"]}}]', 15, 1),
	(123, '2025-10-18 00:24:42.488254', '10', 'Consultorio de Pediatría 1 (CONS-PED-201) - Estado: disponible', 2, '[{"changed": {"fields": ["Departamento"]}}]', 15, 1),
	(124, '2025-10-18 00:24:59.645137', '11', 'Consultorio de Pediatría 2 (CONS-PED-202) - Estado: disponible', 2, '[{"changed": {"fields": ["Departamento"]}}]', 15, 1),
	(125, '2025-10-18 00:25:13.316485', '12', 'Sala de Internación Pediátrica 1 (HAB-PED-203) - Estado: disponible', 2, '[{"changed": {"fields": ["Departamento"]}}]', 15, 1),
	(126, '2025-10-18 00:25:29.466059', '13', 'Consultorio de Ginecología 1 (CONS-GIN-201) - Estado: disponible', 2, '[{"changed": {"fields": ["Departamento"]}}]', 15, 1),
	(127, '2025-10-18 00:25:43.501462', '14', 'Consultorio de Obstetricia 1 (CONS-OBS-202) - Estado: disponible', 2, '[{"changed": {"fields": ["Departamento"]}}]', 15, 1),
	(128, '2025-10-18 00:26:17.592058', '15', 'Sala de Partos 1 (SAL-PAR-203) - Estado: disponible', 2, '[{"changed": {"fields": ["Departamento"]}}]', 15, 1),
	(129, '2025-10-18 00:34:15.988394', '16', 'Consultorio de Dermatología 1 (CONS-DER-301) - Estado: disponible', 2, '[{"changed": {"fields": ["Departamento"]}}]', 15, 1),
	(130, '2025-10-18 00:34:29.052662', '17', 'Consultorio de Dermatología 2 (CONS-DER-302) - Estado: disponible', 2, '[{"changed": {"fields": ["Departamento"]}}]', 15, 1),
	(131, '2025-10-18 00:34:39.650119', '18', 'Consultorio de Dermatología Estética (CONS-DER-303) - Estado: disponible', 2, '[{"changed": {"fields": ["Departamento"]}}]', 15, 1),
	(132, '2025-10-18 00:35:05.801294', '19', 'Quirófano de Cirugía General 1 (QUI-CG-201) - Estado: disponible', 2, '[{"changed": {"fields": ["Departamento"]}}]', 15, 1),
	(133, '2025-10-18 00:36:48.561316', '20', 'Quirófano de Cirugía General 2 (QUI-CG-202) - Estado: disponible', 2, '[{"changed": {"fields": ["Departamento"]}}]', 15, 1),
	(134, '2025-10-18 00:37:00.353578', '21', 'Sala Preoperatoria Cirugía General (PRE-CG-203) - Estado: disponible', 2, '[{"changed": {"fields": ["Departamento"]}}]', 15, 1),
	(135, '2025-10-18 00:38:14.509583', '22', 'Quirófano Oncológico 1 (QUI-ONC-204) - Estado: disponible', 2, '[{"changed": {"fields": ["Departamento"]}}]', 15, 1),
	(136, '2025-10-18 00:41:37.003830', '18', 'Unidad de Recuperación Postquirúrgica (PACU)', 1, '[{"added": {}}]', 13, 1),
	(137, '2025-10-18 00:42:05.828365', '23', 'Quirófano Oncológico 2 (QUI-ONC-205) - Estado: disponible', 2, '[{"changed": {"fields": ["Departamento"]}}]', 15, 1),
	(138, '2025-10-18 00:42:29.104650', '24', 'Sala de Recuperación Oncológica (REC-ONC-206) - Estado: disponible', 2, '[{"changed": {"fields": ["Departamento"]}}]', 15, 1),
	(139, '2025-10-18 00:42:50.171286', '25', 'Quirófano Vascular 1 (QUI-VAS-207) - Estado: disponible', 2, '[{"changed": {"fields": ["Departamento"]}}]', 15, 1),
	(140, '2025-10-18 00:43:00.507580', '26', 'Quirófano Vascular 2 (QUI-VAS-208) - Estado: disponible', 2, '[{"changed": {"fields": ["Departamento"]}}]', 15, 1),
	(141, '2025-10-18 00:43:14.874781', '28', 'Unidad de Cuidados Intensivos 1 (UCI-301) - Estado: disponible', 2, '[{"changed": {"fields": ["Departamento"]}}]', 15, 1),
	(142, '2025-10-18 00:43:27.315095', '27', 'Sala de Recuperación Vascular (REC-VAS-209) - Estado: disponible', 2, '[{"changed": {"fields": ["Departamento"]}}]', 15, 1),
	(143, '2025-10-18 00:43:39.866246', '29', 'Unidad de Cuidados Intensivos 2 (UCI-302) - Estado: disponible', 2, '[{"changed": {"fields": ["Departamento"]}}]', 15, 1),
	(144, '2025-10-18 00:44:14.806599', '30', 'Unidad de Cuidados Intensivos 3 (UCI-303) - Estado: disponible', 2, '[{"changed": {"fields": ["Departamento"]}}]', 15, 1),
	(145, '2025-10-18 00:44:24.349599', '29', 'Unidad de Cuidados Intensivos 2 (UCI-302) - Estado: disponible', 2, '[{"changed": {"fields": ["Departamento"]}}]', 15, 1),
	(146, '2025-10-18 00:47:56.410551', '19', 'Anestesiología', 1, '[{"added": {}}]', 13, 1),
	(147, '2025-10-18 00:48:18.528698', '31', 'Sala de Anestesia 1 (ANE-201) - Estado: disponible', 2, '[{"changed": {"fields": ["Departamento"]}}]', 15, 1),
	(148, '2025-10-18 00:48:27.490746', '32', 'Sala de Anestesia 2 (ANE-202) - Estado: disponible', 2, '[{"changed": {"fields": ["Departamento"]}}]', 15, 1),
	(149, '2025-10-18 00:49:42.187304', '33', 'Consultorio de Manejo del Dolor (CONS-ANE-203) - Estado: disponible', 2, '[{"changed": {"fields": ["Departamento"]}}]', 15, 1),
	(150, '2025-10-18 00:49:53.493790', '34', 'Sala de Rayos X 1 (RX-101) - Estado: disponible', 2, '[{"changed": {"fields": ["Departamento"]}}]', 15, 1),
	(151, '2025-10-18 00:50:02.413580', '36', 'Sala de Radiología de Emergencias (RX-103) - Estado: disponible', 2, '[{"changed": {"fields": ["Departamento"]}}]', 15, 1),
	(152, '2025-10-18 00:50:16.910615', '35', 'Sala de Rayos X 2 (RX-102) - Estado: disponible', 2, '[{"changed": {"fields": ["Departamento"]}}]', 15, 1),
	(153, '2025-10-18 00:50:29.316055', '37', 'Sala de Radiología Pediátrica 1 (RX-PED-201) - Estado: disponible', 2, '[{"changed": {"fields": ["Departamento"]}}]', 15, 1),
	(154, '2025-10-18 00:51:12.197686', '38', 'Sala de Radiología Pediátrica 2 (RX-PED-202) - Estado: disponible', 2, '[{"changed": {"fields": ["Departamento"]}}]', 15, 1),
	(155, '2025-10-18 00:51:24.667941', '39', 'Sala de Radiología Pediátrica 3 (RX-PED-203) - Estado: disponible', 2, '[{"changed": {"fields": ["Departamento"]}}]', 15, 1),
	(156, '2025-10-18 00:53:30.622976', '20', 'Patología', 1, '[{"added": {}}]', 13, 1),
	(157, '2025-10-18 00:54:08.487713', '40', 'Laboratorio de Patología 1 (LAB-PAT-101) - Estado: disponible', 2, '[{"changed": {"fields": ["Departamento"]}}]', 15, 1),
	(158, '2025-10-18 00:54:16.094239', '41', 'Laboratorio de Patología 2 (LAB-PAT-102) - Estado: disponible', 2, '[{"changed": {"fields": ["Departamento"]}}]', 15, 1),
	(159, '2025-10-18 00:55:22.604115', '43', 'Laboratorio de Microbiología 1 (LAB-MIC-101) - Estado: disponible', 2, '[{"changed": {"fields": ["Departamento"]}}]', 15, 1),
	(160, '2025-10-18 00:55:37.008754', '42', 'Laboratorio de Patología 3 (LAB-PAT-103) - Estado: disponible', 2, '[{"changed": {"fields": ["Departamento"]}}]', 15, 1),
	(161, '2025-10-18 00:55:46.425923', '44', 'Laboratorio de Microbiología 2 (LAB-MIC-102) - Estado: disponible', 2, '[{"changed": {"fields": ["Departamento"]}}]', 15, 1),
	(162, '2025-10-18 00:55:54.675412', '45', 'Laboratorio de Microbiología 3 (LAB-MIC-103) - Estado: disponible', 2, '[{"changed": {"fields": ["Departamento"]}}]', 15, 1),
	(163, '2025-10-18 00:56:07.270928', '46', 'Consultorio de Farmacia Clínica 1 (CONS-FAR-101) - Estado: disponible', 2, '[{"changed": {"fields": ["Departamento"]}}]', 15, 1),
	(164, '2025-10-18 00:56:20.349764', '47', 'Consultorio de Farmacia Clínica 2 (CONS-FAR-102) - Estado: disponible', 2, '[{"changed": {"fields": ["Departamento"]}}]', 15, 1),
	(165, '2025-10-18 00:56:32.139091', '48', 'Laboratorio de Farmacia Clínica (LAB-FAR-103) - Estado: disponible', 2, '[{"changed": {"fields": ["Departamento"]}}]', 15, 1),
	(166, '2025-10-18 00:56:48.179884', '49', 'Consultorio de Oncología Médica 1 (CONS-ONC-201) - Estado: disponible', 2, '[{"changed": {"fields": ["Departamento"]}}]', 15, 1),
	(167, '2025-10-18 00:56:59.134176', '50', 'Consultorio de Oncología Médica 2 (CONS-ONC-202) - Estado: disponible', 2, '[{"changed": {"fields": ["Departamento"]}}]', 15, 1),
	(168, '2025-10-18 00:57:54.265535', '51', 'Sala de Quimioterapia 1 (QUI-ONC-203) - Estado: disponible', 2, '[{"changed": {"fields": ["Departamento"]}}]', 15, 1),
	(169, '2025-10-18 00:58:34.627192', '52', 'Consultorio de Oncología Ginecológica 1 (CONS-ONG-201) - Estado: disponible', 2, '[{"changed": {"fields": ["Departamento"]}}]', 15, 1),
	(170, '2025-10-18 00:58:46.097669', '53', 'Consultorio de Oncología Ginecológica 2 (CONS-ONG-202) - Estado: disponible', 2, '[{"changed": {"fields": ["Departamento"]}}]', 15, 1),
	(171, '2025-10-18 00:59:13.785696', '55', 'Unidad Neonatal 1 (NEO-301) - Estado: disponible', 2, '[{"changed": {"fields": ["Departamento"]}}]', 15, 1),
	(172, '2025-10-18 00:59:21.831882', '56', 'Unidad Neonatal 2 (NEO-302) - Estado: disponible', 2, '[{"changed": {"fields": ["Departamento"]}}]', 15, 1),
	(173, '2025-10-18 00:59:29.872340', '54', 'Sala de Tratamientos Oncológicos Ginecológicos (SAL-ONG-203) - Estado: disponible', 2, '[{"changed": {"fields": ["Departamento"]}}]', 15, 1),
	(174, '2025-10-18 00:59:36.665368', '57', 'Unidad Neonatal 3 (NEO-303) - Estado: disponible', 2, '[{"changed": {"fields": ["Departamento"]}}]', 15, 1),
	(175, '2025-10-18 00:59:46.504808', '58', 'Consultorio de Pediatría General 1 (CONS-PEDG-201) - Estado: disponible', 2, '[{"changed": {"fields": ["Departamento"]}}]', 15, 1),
	(176, '2025-10-18 00:59:53.628561', '59', 'Consultorio de Pediatría General 2 (CONS-PEDG-202) - Estado: disponible', 2, '[{"changed": {"fields": ["Departamento"]}}]', 15, 1),
	(177, '2025-10-18 01:00:00.616891', '60', 'Sala de Internación Pediátrica General (HAB-PEDG-203) - Estado: disponible', 2, '[{"changed": {"fields": ["Departamento"]}}]', 15, 1),
	(178, '2025-10-18 01:00:08.498204', '61', 'Consultorio de Cardiología 1 (CONS-CAR-301) - Estado: disponible', 2, '[{"changed": {"fields": ["Departamento"]}}]', 15, 1),
	(179, '2025-10-18 01:00:15.120291', '62', 'Consultorio de Cardiología 2 (CONS-CAR-302) - Estado: disponible', 2, '[{"changed": {"fields": ["Departamento"]}}]', 15, 1),
	(180, '2025-10-18 01:00:43.750682', '63', 'Sala de Electrocardiogramas (LAB-CAR-303) - Estado: disponible', 2, '[{"changed": {"fields": ["Departamento"]}}]', 15, 1),
	(181, '2025-10-18 01:00:52.912653', '64', 'Consultorio de Neumología 1 (CONS-NEU-301) - Estado: disponible', 2, '[{"changed": {"fields": ["Departamento"]}}]', 15, 1),
	(182, '2025-10-18 01:01:00.380314', '65', 'Consultorio de Neumología 2 (CONS-NEU-302) - Estado: disponible', 2, '[{"changed": {"fields": ["Departamento"]}}]', 15, 1),
	(183, '2025-10-18 01:01:07.986435', '66', 'Laboratorio de Función Pulmonar (LAB-NEU-303) - Estado: disponible', 2, '[{"changed": {"fields": ["Departamento"]}}]', 15, 1),
	(184, '2025-10-18 01:03:30.128564', '21', 'Nefrología', 1, '[{"added": {}}]', 13, 1),
	(185, '2025-10-18 01:03:57.780981', '67', 'Consultorio de Nefrología 1 (CONS-NEF-301) - Estado: disponible', 2, '[{"changed": {"fields": ["Departamento"]}}]', 15, 1),
	(186, '2025-10-18 01:04:04.124228', '68', 'Consultorio de Nefrología 2 (CONS-NEF-302) - Estado: disponible', 2, '[{"changed": {"fields": ["Departamento"]}}]', 15, 1),
	(187, '2025-10-18 01:04:32.905722', '69', 'Sala de Hemodiálisis 1 (LAB-NEF-303) - Estado: disponible', 2, '[{"changed": {"fields": ["Departamento"]}}]', 15, 1),
	(188, '2025-10-18 01:06:08.929370', '22', 'Gastroenterología', 1, '[{"added": {}}]', 13, 1),
	(189, '2025-10-18 01:06:21.125876', '70', 'Consultorio de Gastroenterología 1 (CONS-GAS-301) - Estado: disponible', 2, '[{"changed": {"fields": ["Departamento"]}}]', 15, 1),
	(190, '2025-10-18 01:06:30.097855', '71', 'Consultorio de Gastroenterología 2 (CONS-GAS-302) - Estado: disponible', 2, '[{"changed": {"fields": ["Departamento"]}}]', 15, 1),
	(191, '2025-10-18 01:07:08.111869', '72', 'Sala de Endoscopia 1 (LAB-GAS-303) - Estado: disponible', 2, '[{"changed": {"fields": ["Departamento"]}}]', 15, 1),
	(192, '2025-10-18 01:07:18.334552', '73', 'Consultorio de Dermatología 1 (CONS-DER-201) - Estado: disponible', 2, '[{"changed": {"fields": ["Departamento"]}}]', 15, 1),
	(193, '2025-10-18 01:07:26.925073', '74', 'Consultorio de Dermatología 2 (CONS-DER-202) - Estado: disponible', 2, '[{"changed": {"fields": ["Departamento"]}}]', 15, 1),
	(194, '2025-10-18 01:08:06.436413', '75', 'Sala de Fototerapia (LAB-DER-203) - Estado: disponible', 2, '[{"changed": {"fields": ["Departamento"]}}]', 15, 1),
	(195, '2025-10-18 01:09:38.767420', '23', 'Reumatología', 1, '[{"added": {}}]', 13, 1),
	(196, '2025-10-18 01:09:56.179947', '76', 'Consultorio de Reumatología 1 (CONS-REU-201) - Estado: disponible', 2, '[{"changed": {"fields": ["Departamento"]}}]', 15, 1),
	(197, '2025-10-18 01:10:07.105903', '77', 'Consultorio de Reumatología 2 (CONS-REU-202) - Estado: disponible', 2, '[{"changed": {"fields": ["Departamento"]}}]', 15, 1),
	(198, '2025-10-18 01:10:20.153501', '78', 'Sala de Infusión Reumatológica (HAB-REU-203) - Estado: disponible', 2, '[{"changed": {"fields": ["Departamento"]}}]', 15, 1),
	(199, '2025-10-18 01:10:32.285958', '79', 'Consultorio de Endocrinología 1 (CONS-END-201) - Estado: disponible', 2, '[{"changed": {"fields": ["Departamento"]}}]', 15, 1),
	(200, '2025-10-18 01:10:42.484937', '80', 'Consultorio de Endocrinología 2 (CONS-END-202) - Estado: disponible', 2, '[{"changed": {"fields": ["Departamento"]}}]', 15, 1),
	(201, '2025-10-18 01:11:14.766455', '81', 'Sala de Educación Diabética (HAB-END-203) - Estado: disponible', 2, '[{"changed": {"fields": ["Departamento"]}}]', 15, 1),
	(202, '2025-10-18 01:11:29.122723', '82', 'Consultorio de Neurología 1 (CONS-NRL-301) - Estado: disponible', 2, '[{"changed": {"fields": ["Departamento"]}}]', 15, 1),
	(203, '2025-10-18 01:11:41.610044', '83', 'Consultorio de Neurología 2 (CONS-NRL-302) - Estado: disponible', 2, '[{"changed": {"fields": ["Departamento"]}}]', 15, 1),
	(204, '2025-10-18 01:12:25.625487', '84', 'Sala de Electroencefalogramas (LAB-NRL-303) - Estado: disponible', 2, '[{"changed": {"fields": ["Departamento"]}}]', 15, 1),
	(205, '2025-10-18 01:13:55.530791', '24', 'Psiquiatría', 1, '[{"added": {}}]', 13, 1),
	(206, '2025-10-18 01:14:06.136143', '85', 'Consultorio de Psiquiatría 1 (CONS-PSQ-201) - Estado: disponible', 2, '[{"changed": {"fields": ["Departamento"]}}]', 15, 1),
	(207, '2025-10-18 01:14:14.878118', '86', 'Consultorio de Psiquiatría 2 (CONS-PSQ-202) - Estado: disponible', 2, '[{"changed": {"fields": ["Departamento"]}}]', 15, 1),
	(208, '2025-10-18 01:14:24.421214', '87', 'Sala de Terapias Grupales (HAB-PSQ-203) - Estado: disponible', 2, '[{"changed": {"fields": ["Departamento"]}}]', 15, 1),
	(209, '2025-10-18 01:14:32.659955', '88', 'Quirófano de Cirugía General 1 (QUI-CG-401) - Estado: disponible', 2, '[{"changed": {"fields": ["Departamento"]}}]', 15, 1),
	(210, '2025-10-18 01:14:41.664545', '89', 'Quirófano de Cirugía General 2 (QUI-CG-402) - Estado: disponible', 2, '[{"changed": {"fields": ["Departamento"]}}]', 15, 1),
	(211, '2025-10-18 01:14:52.575062', '90', 'Sala de Recuperación Cirugía General (REC-CG-403) - Estado: disponible', 2, '[{"changed": {"fields": ["Departamento"]}}]', 15, 1),
	(212, '2025-10-18 01:15:15.729120', '91', 'Quirófano de Oncología 1 (QUI-ONC-401) - Estado: disponible', 2, '[{"changed": {"fields": ["Departamento"]}}]', 15, 1),
	(213, '2025-10-18 01:15:24.603279', '92', 'Quirófano de Oncología 2 (QUI-ONC-402) - Estado: disponible', 2, '[{"changed": {"fields": ["Departamento"]}}]', 15, 1),
	(214, '2025-10-18 01:15:37.010118', '93', 'Sala de Recuperación Oncológica (REC-ONC-403) - Estado: disponible', 2, '[{"changed": {"fields": ["Departamento"]}}]', 15, 1),
	(215, '2025-10-18 01:15:54.133427', '94', 'Quirófano de Cirugía Vascular 1 (QUI-CV-401) - Estado: disponible', 2, '[{"changed": {"fields": ["Departamento"]}}]', 15, 1),
	(216, '2025-10-18 01:16:06.593634', '95', 'Quirófano de Cirugía Vascular 2 (QUI-CV-402) - Estado: disponible', 2, '[{"changed": {"fields": ["Departamento"]}}]', 15, 1),
	(217, '2025-10-18 01:16:14.927011', '96', 'Sala de Recuperación Vascular (REC-CV-403) - Estado: disponible', 2, '[{"changed": {"fields": ["Departamento"]}}]', 15, 1),
	(218, '2025-10-18 01:16:25.838089', '97', 'Quirófano de Cirugía Torácica 1 (QUI-CT-401) - Estado: disponible', 2, '[{"changed": {"fields": ["Departamento"]}}]', 15, 1),
	(219, '2025-10-18 01:16:26.314337', '97', 'Quirófano de Cirugía Torácica 1 (QUI-CT-401) - Estado: disponible', 2, '[]', 15, 1),
	(220, '2025-10-18 01:16:39.801429', '98', 'Quirófano de Cirugía Torácica 2 (QUI-CT-402) - Estado: disponible', 2, '[{"changed": {"fields": ["Departamento"]}}]', 15, 1),
	(221, '2025-10-18 01:17:16.388786', '99', 'Sala de Cuidados Post-Torácicos (REC-CT-403) - Estado: disponible', 2, '[{"changed": {"fields": ["Departamento"]}}]', 15, 1),
	(222, '2025-10-18 01:17:29.955241', '100', 'Quirófano de Cirugía Plástica 1 (QUI-CP-301) - Estado: disponible', 2, '[{"changed": {"fields": ["Departamento"]}}]', 15, 1),
	(223, '2025-10-18 01:17:40.149623', '101', 'Quirófano de Cirugía Plástica 2 (QUI-CP-302) - Estado: disponible', 2, '[{"changed": {"fields": ["Departamento"]}}]', 15, 1),
	(224, '2025-10-18 01:18:01.647032', '102', 'Sala de Recuperación Estética (REC-CP-303) - Estado: disponible', 2, '[{"changed": {"fields": ["Departamento"]}}]', 15, 1),
	(225, '2025-10-18 01:18:18.929718', '103', 'Quirófano de Ortopedia 1 (QUI-ORT-301) - Estado: disponible', 2, '[{"changed": {"fields": ["Departamento"]}}]', 15, 1),
	(226, '2025-10-18 01:18:28.749674', '104', 'Quirófano de Ortopedia 2 (QUI-ORT-302) - Estado: disponible', 2, '[{"changed": {"fields": ["Departamento"]}}]', 15, 1),
	(227, '2025-10-18 01:18:46.057431', '105', 'Sala de Rehabilitación Ortopédica (HAB-ORT-201) - Estado: disponible', 2, '[{"changed": {"fields": ["Departamento"]}}]', 15, 1),
	(228, '2025-10-18 01:19:28.619383', '106', 'Sala de Anestesia 3 (LAB-ANE-401) - Estado: disponible', 2, '[{"changed": {"fields": ["Nombre", "Departamento"]}}]', 15, 1),
	(229, '2025-10-18 01:19:43.143363', '107', 'Sala de Anestesia 4 (LAB-ANE-402) - Estado: disponible', 2, '[{"changed": {"fields": ["Nombre", "Departamento"]}}]', 15, 1),
	(230, '2025-10-18 01:19:55.647941', '108', 'Unidad de Recuperación Anestésica (REC-ANE-403) - Estado: disponible', 2, '[{"changed": {"fields": ["Departamento"]}}]', 15, 1),
	(231, '2025-10-18 01:20:08.553993', '108', 'Unidad de Recuperación Anestésica (REC-ANE-403) - Estado: disponible', 2, '[{"changed": {"fields": ["Departamento"]}}]', 15, 1),
	(232, '2025-10-18 01:20:21.654139', '109', 'Unidad de Cuidados Intensivos 1 (UCI-MC-501) - Estado: disponible', 2, '[{"changed": {"fields": ["Departamento"]}}]', 15, 1),
	(233, '2025-10-18 01:20:44.535478', '110', 'Unidad de Cuidados Intensivos 2 (UCI-MC-502) - Estado: disponible', 2, '[{"changed": {"fields": ["Departamento"]}}]', 15, 1),
	(234, '2025-10-18 01:20:57.260773', '111', 'Unidad de Cuidados Intensivos 3 (UCI-MC-503) - Estado: disponible', 2, '[{"changed": {"fields": ["Departamento"]}}]', 15, 1),
	(235, '2025-10-18 01:21:27.055426', '112', 'Unidad de Cuidados Neurocríticos 1 (UCN-NCR-501) - Estado: disponible', 2, '[{"changed": {"fields": ["Departamento"]}}]', 15, 1),
	(236, '2025-10-18 01:21:38.733105', '113', 'Unidad de Cuidados Neurocríticos 2 (UCN-NCR-502) - Estado: disponible', 2, '[{"changed": {"fields": ["Departamento"]}}]', 15, 1),
	(237, '2025-10-18 01:22:07.043539', '114', 'Sala de Monitoreo Neurológico (LAB-NCR-503) - Estado: disponible', 2, '[{"changed": {"fields": ["Departamento"]}}]', 15, 1),
	(238, '2025-10-18 01:22:39.136012', '115', 'Sala de Radiología 1 (LAB-RAD-101) - Estado: disponible', 2, '[{"changed": {"fields": ["Departamento"]}}]', 15, 1),
	(239, '2025-10-18 01:22:51.469703', '116', 'Sala de Radiología 2 (LAB-RAD-102) - Estado: disponible', 2, '[{"changed": {"fields": ["Departamento"]}}]', 15, 1),
	(240, '2025-10-18 01:23:02.332234', '117', 'Sala de Resonancia Magnética (LAB-RAD-103) - Estado: disponible', 2, '[{"changed": {"fields": ["Departamento"]}}]', 15, 1),
	(241, '2025-10-18 01:24:26.379090', '25', 'Cuidados Paliativos', 1, '[{"added": {}}]', 13, 1),
	(242, '2025-10-18 01:24:48.554227', '118', 'Consultorio de Cuidados Paliativos 1 (CONS-CPAL-201) - Estado: disponible', 2, '[{"changed": {"fields": ["Departamento"]}}]', 15, 1),
	(243, '2025-10-18 01:24:57.263378', '119', 'Consultorio de Cuidados Paliativos 2 (CONS-CPAL-202) - Estado: disponible', 2, '[{"changed": {"fields": ["Departamento"]}}]', 15, 1),
	(244, '2025-10-18 01:25:05.067183', '120', 'Sala de Cuidados Paliativos (HAB-CPAL-203) - Estado: disponible', 2, '[{"changed": {"fields": ["Departamento"]}}]', 15, 1),
	(245, '2025-10-18 01:25:14.917396', '121', 'Sala de Rayos X de Emergencia 1 (LAB-RX-101) - Estado: disponible', 2, '[{"changed": {"fields": ["Departamento"]}}]', 15, 1),
	(246, '2025-10-18 01:25:23.164903', '122', 'Sala de Rayos X de Emergencia 2 (LAB-RX-102) - Estado: disponible', 2, '[{"changed": {"fields": ["Departamento"]}}]', 15, 1),
	(247, '2025-10-18 01:25:34.027899', '123', 'Sala de Ecografía de Emergencia (LAB-ECO-103) - Estado: disponible', 2, '[{"changed": {"fields": ["Departamento"]}}]', 15, 1),
	(248, '2025-10-18 01:25:45.947894', '124', 'Sala TAC de Emergencia (LAB-TAC-104) - Estado: disponible', 2, '[{"changed": {"fields": ["Departamento"]}}]', 15, 1),
	(249, '2025-10-18 01:26:48.681138', '125', 'Laboratorio Clínico Central (LAB-CLI-201) - Estado: disponible', 2, '[{"changed": {"fields": ["Departamento"]}}]', 15, 1),
	(250, '2025-10-18 01:26:58.007632', '126', 'Laboratorio Clínico Secundario (LAB-CLI-202) - Estado: disponible', 2, '[{"changed": {"fields": ["Departamento"]}}]', 15, 1),
	(251, '2025-10-18 01:27:37.637562', '127', 'Sala de Electrocardiogramas (LAB-ECG-203) - Estado: disponible', 2, '[{"changed": {"fields": ["Departamento"]}}]', 15, 1),
	(252, '2025-10-18 01:32:46.379301', '128', 'Sala de Espirometría (LAB-PUL-204) - Estado: disponible', 2, '[{"changed": {"fields": ["Departamento"]}}]', 15, 1),
	(253, '2025-10-18 01:33:12.812623', '129', 'Sala de Endoscopia 2 (LAB-END-205) - Estado: disponible', 2, '[{"changed": {"fields": ["Nombre", "Departamento"]}}]', 15, 1),
	(254, '2025-10-18 01:34:43.535589', '26', 'Otorrinolaringología', 1, '[{"added": {}}]', 13, 1),
	(255, '2025-10-18 01:34:56.530156', '130', 'Sala de Audiometría (LAB-AUD-206) - Estado: disponible', 2, '[{"changed": {"fields": ["Departamento"]}}]', 15, 1),
	(256, '2025-10-18 01:37:59.700462', '27', 'Oftalmología', 1, '[{"added": {}}]', 13, 1),
	(257, '2025-10-18 01:38:13.591784', '131', 'Sala de Exámenes Visuales (CONS-OFT-207) - Estado: disponible', 2, '[{"changed": {"fields": ["Departamento"]}}]', 15, 1),
	(258, '2025-10-18 01:40:15.281657', '28', 'Alergología', 1, '[{"added": {}}]', 13, 1),
	(259, '2025-10-18 01:40:28.090371', '132', 'Sala de Pruebas de Alergia (CONS-ALR-208) - Estado: disponible', 2, '[{"changed": {"fields": ["Departamento"]}}]', 15, 1),
	(260, '2025-10-18 01:40:39.163657', '133', 'Radiología Quirúrgica 1 (LAB-RQ-301) - Estado: disponible', 2, '[{"changed": {"fields": ["Departamento"]}}]', 15, 1),
	(261, '2025-10-18 01:40:53.192329', '134', 'Sala TAC Central (LAB-TAC-105) - Estado: disponible', 2, '[{"changed": {"fields": ["Departamento"]}}]', 15, 1),
	(262, '2025-10-18 01:41:15.077131', '135', 'Sala de Resonancia Magnética 1 (LAB-RM-106) - Estado: disponible', 2, '[{"changed": {"fields": ["Departamento"]}}]', 15, 1),
	(263, '2025-10-18 01:41:31.879432', '136', 'Sala de Resonancia Magnética 2 (LAB-RM-107) - Estado: disponible', 2, '[{"changed": {"fields": ["Departamento"]}}]', 15, 1),
	(264, '2025-10-18 01:41:44.114962', '137', 'Unidad de Monitoreo Cardíaco (HAB-MON-301) - Estado: disponible', 2, '[{"changed": {"fields": ["Departamento"]}}]', 15, 1),
	(265, '2025-10-18 01:42:26.748984', '138', 'Sala de Oxigenoterapia (HAB-OXI-201) - Estado: disponible', 2, '[{"changed": {"fields": ["Departamento"]}}]', 15, 1),
	(266, '2025-10-18 01:43:00.527098', '139', 'Sala EEG 1 (LAB-EEG-302) - Estado: disponible', 2, '[{"changed": {"fields": ["Departamento"]}}]', 15, 1),
	(267, '2025-10-18 01:43:38.503534', '140', 'Sala de Mamografía (LAB-MAM-108) - Estado: disponible', 2, '[{"changed": {"fields": ["Departamento"]}}]', 15, 1),
	(268, '2025-10-18 01:44:23.140536', '141', 'Sala de Extracciones de Sangre (LAB-SANG-209) - Estado: disponible', 2, '[{"changed": {"fields": ["Departamento"]}}]', 15, 1),
	(269, '2025-10-18 01:44:50.881829', '142', 'Sala de Análisis de Orina (LAB-ORI-210) - Estado: disponible', 2, '[{"changed": {"fields": ["Departamento"]}}]', 15, 1),
	(270, '2025-10-18 01:45:04.164253', '143', 'Laboratorio de Biología Molecular (LAB-BIO-211) - Estado: disponible', 2, '[{"changed": {"fields": ["Departamento"]}}]', 15, 1),
	(271, '2025-10-18 01:45:12.596137', '144', 'Sala de Asesoría Farmacéutica (CONS-FAR-212) - Estado: disponible', 2, '[{"changed": {"fields": ["Departamento"]}}]', 15, 1),
	(272, '2025-10-18 01:45:46.287505', '145', 'Sala de Biopsias (LAB-BIOP-304) - Estado: disponible', 2, '[{"changed": {"fields": ["Departamento"]}}]', 15, 1),
	(273, '2025-10-18 01:46:46.594351', '146', 'Sala de Radioterapia 1 (LAB-RADT-305) - Estado: disponible', 2, '[{"changed": {"fields": ["Departamento"]}}]', 15, 1),
	(274, '2025-10-18 01:47:03.658773', '147', 'Sala de Radioterapia 2 (LAB-RADT-306) - Estado: disponible', 2, '[{"changed": {"fields": ["Departamento"]}}]', 15, 1),
	(275, '2025-10-18 01:48:37.253655', '148', 'Unidad Neonatal 3 (NEO-304) - Estado: disponible', 2, '[{"changed": {"fields": ["Nombre", "Codigo", "Departamento"]}}]', 15, 1),
	(276, '2025-10-18 01:48:50.863664', '149', 'Sala de Ecografía Pediátrica (LAB-ECO-214) - Estado: disponible', 2, '[{"changed": {"fields": ["Departamento"]}}]', 15, 1),
	(277, '2025-10-18 01:48:59.991371', '150', 'Sala de Ecografía Ginecológica (LAB-ECO-215) - Estado: disponible', 2, '[{"changed": {"fields": ["Departamento"]}}]', 15, 1),
	(278, '2025-10-18 01:49:50.649157', '151', 'Sala de Pruebas de Fertilidad (LAB-FER-216) - Estado: disponible', 2, '[{"changed": {"fields": ["Departamento"]}}]', 15, 1),
	(279, '2025-10-18 01:50:27.870252', '152', 'Sala de Dermatoscopia (CONS-DER-217) - Estado: disponible', 2, '[{"changed": {"fields": ["Departamento"]}}]', 15, 1),
	(280, '2025-10-18 01:51:06.475331', '153', 'Sala de Pruebas de Alergia Dermatológica (CONS-DER-218) - Estado: disponible', 2, '[{"changed": {"fields": ["Departamento"]}}]', 15, 1),
	(281, '2025-10-18 01:53:02.229467', '29', 'Salas administrativas', 1, '[{"added": {}}]', 13, 1),
	(282, '2025-10-18 01:53:14.223827', '154', 'Oficina de Laboratorio (OFI-LAB-201) - Estado: disponible', 2, '[{"changed": {"fields": ["Departamento"]}}]', 15, 1),
	(283, '2025-10-18 01:53:25.623056', '155', 'Laboratorio de Endocrinología (LAB-END-202) - Estado: disponible', 2, '[{"changed": {"fields": ["Departamento"]}}]', 15, 1),
	(284, '2025-10-18 01:53:32.575350', '156', 'Laboratorio de Bacteriología (LAB-BAC-203) - Estado: disponible', 2, '[{"changed": {"fields": ["Departamento"]}}]', 15, 1),
	(285, '2025-10-18 01:53:44.456444', '157', 'Área de Diagnostico Funcional cardiológico (DIA-CAR-204) - Estado: disponible', 2, '[{"changed": {"fields": ["Departamento"]}}]', 15, 1),
	(286, '2025-10-18 01:54:17.822965', '158', 'Laboratorio de Bioquímica Clínica (LAB-BIOQUI-220) - Estado: disponible', 2, '[{"changed": {"fields": ["Departamento"]}}]', 15, 1),
	(287, '2025-10-18 01:55:05.834100', '159', 'Laboratorio de Inmunología (LAB-INMU-221) - Estado: disponible', 2, '[{"changed": {"fields": ["Departamento"]}}]', 15, 1),
	(288, '2025-10-18 01:57:34.811783', '30', 'Banco de Sangre', 1, '[{"added": {}}]', 13, 1),
	(289, '2025-10-18 01:57:48.389098', '160', 'Laboratorio de Banco de Sangre (LAB-BSAN-222) - Estado: disponible', 2, '[{"changed": {"fields": ["Departamento"]}}]', 15, 1),
	(290, '2025-10-18 01:58:28.049130', '161', 'Laboratorio de Ecocardiografía (LAB-ECOCAR-224) - Estado: disponible', 2, '[{"changed": {"fields": ["Departamento"]}}]', 15, 1),
	(291, '2025-10-18 01:58:35.382640', '162', 'Laboratorio de Función Pulmonar (LAB-FPUL-225) - Estado: disponible', 2, '[{"changed": {"fields": ["Departamento"]}}]', 15, 1),
	(292, '2025-10-18 01:59:19.634538', '163', 'Consultorio de Neumología 3 (CONS-NEU-226) - Estado: disponible', 2, '[{"changed": {"fields": ["Nombre"]}}]', 15, 1),
	(293, '2025-10-18 01:59:40.349276', '163', 'Consultorio de Neumología 3 (CONS-NEU-226) - Estado: disponible', 2, '[{"changed": {"fields": ["Departamento"]}}]', 15, 1),
	(294, '2025-10-18 01:59:51.502854', '164', 'Consultorio de Neumología 4 (CONS-NEU-227) - Estado: disponible', 2, '[{"changed": {"fields": ["Nombre", "Departamento"]}}]', 15, 1),
	(295, '2025-10-18 02:00:28.366340', '165', 'Laboratorio de Hormonas (LAB-HOR-227) - Estado: disponible', 2, '[{"changed": {"fields": ["Departamento"]}}]', 15, 1),
	(296, '2025-10-18 02:00:38.202696', '166', 'Sala de Mamografía (LAB-MAMO-228) - Estado: disponible', 2, '[{"changed": {"fields": ["Departamento"]}}]', 15, 1),
	(297, '2025-10-18 02:01:07.096410', '167', 'Laboratorio en Histotecnología (LAB-HIST-228) - Estado: disponible', 2, '[{"changed": {"fields": ["Departamento"]}}]', 15, 1),
	(298, '2025-10-18 02:01:37.973902', '168', 'Laboratorios Dermatocosméticos (LAB-DERCOS-230) - Estado: disponible', 2, '[{"changed": {"fields": ["Departamento"]}}]', 15, 1),
	(299, '2025-10-18 20:44:54.694927', '7', 'Consultorio de Medicina General 1 (CONS-MG-101) - Estado: ocupado', 2, '[{"changed": {"fields": ["Estado"]}}]', 15, 1),
	(300, '2025-10-18 22:09:10.689075', '7', 'Consultorio de Medicina General 1 (CONS-MG-101) - Estado: disponible', 2, '[{"changed": {"fields": ["Estado"]}}]', 15, 1),
	(301, '2025-10-18 22:39:39.745869', '115', 'Sala de Radiología 1 (LAB-RAD-101) - Estado: disponible', 2, '[{"changed": {"fields": ["Capacidad"]}}]', 15, 1),
	(302, '2025-10-18 22:40:57.682768', '115', 'Sala de Radiología 1 (LAB-RAD-101) - Estado: disponible', 2, '[{"changed": {"fields": ["Capacidad"]}}]', 15, 1);

-- Volcando estructura para tabla hospitalbd.django_content_type
CREATE TABLE IF NOT EXISTS `django_content_type` (
  `id` int NOT NULL AUTO_INCREMENT,
  `app_label` varchar(100) COLLATE utf8mb4_general_ci NOT NULL,
  `model` varchar(100) COLLATE utf8mb4_general_ci NOT NULL,
  PRIMARY KEY (`id`),
  UNIQUE KEY `django_content_type_app_label_model_76bd3d3b_uniq` (`app_label`,`model`)
) ENGINE=InnoDB AUTO_INCREMENT=30 DEFAULT CHARSET=utf8mb4 COLLATE=utf8mb4_general_ci;

-- Volcando datos para la tabla hospitalbd.django_content_type: ~28 rows (aproximadamente)
INSERT INTO `django_content_type` (`id`, `app_label`, `model`) VALUES
	(1, 'admin', 'logentry'),
	(3, 'auth', 'group'),
	(2, 'auth', 'permission'),
	(4, 'contenttypes', 'contenttype'),
	(7, 'controlUsuario', 'persona'),
	(8, 'controlUsuario', 'rolesprofesionales'),
	(6, 'controlUsuario', 'tiposusuarios'),
	(9, 'controlUsuario', 'usuario'),
	(11, 'hospital_pacientes', 'menoracargodepaciente'),
	(10, 'hospital_pacientes', 'paciente'),
	(12, 'hospital_personal', 'consultas'),
	(13, 'hospital_personal', 'departamento'),
	(17, 'hospital_personal', 'especialidades'),
	(18, 'hospital_personal', 'estudiosdiagnosticos'),
	(14, 'hospital_personal', 'jorna_laboral'),
	(15, 'hospital_personal', 'lugar'),
	(19, 'hospital_personal', 'medicaciones'),
	(20, 'hospital_personal', 'ordenestudio'),
	(21, 'hospital_personal', 'plantillaestudio'),
	(25, 'hospital_personal', 'resultadoestudio'),
	(16, 'hospital_personal', 'resultadoimagen'),
	(22, 'hospital_personal', 'serviciodiagnostico'),
	(23, 'hospital_personal', 'turno'),
	(24, 'hospital_personal', 'turnoestudio'),
	(29, 'hospital_personal', 'usuariolugartrabajoasignado'),
	(28, 'hospital_personal', 'usuariorolprofesionalasignado'),
	(27, 'hospital_personal', 'usuarioxdepartamentoxjornadaxlugar'),
	(26, 'hospital_personal', 'usuarioxespecialidadxservicioxrolesprofesionales'),
	(5, 'sessions', 'session');

-- Volcando estructura para tabla hospitalbd.django_migrations
CREATE TABLE IF NOT EXISTS `django_migrations` (
  `id` bigint NOT NULL AUTO_INCREMENT,
  `app` varchar(255) COLLATE utf8mb4_general_ci NOT NULL,
  `name` varchar(255) COLLATE utf8mb4_general_ci NOT NULL,
  `applied` datetime(6) NOT NULL,
  PRIMARY KEY (`id`)
) ENGINE=InnoDB AUTO_INCREMENT=28 DEFAULT CHARSET=utf8mb4 COLLATE=utf8mb4_general_ci;

-- Volcando datos para la tabla hospitalbd.django_migrations: ~20 rows (aproximadamente)
INSERT INTO `django_migrations` (`id`, `app`, `name`, `applied`) VALUES
	(1, 'contenttypes', '0001_initial', '2025-10-04 21:33:52.790710'),
	(2, 'contenttypes', '0002_remove_content_type_name', '2025-10-04 21:33:53.386812'),
	(3, 'auth', '0001_initial', '2025-10-04 21:33:54.301258'),
	(4, 'auth', '0002_alter_permission_name_max_length', '2025-10-04 21:33:54.508835'),
	(5, 'auth', '0003_alter_user_email_max_length', '2025-10-04 21:33:54.527118'),
	(6, 'auth', '0004_alter_user_username_opts', '2025-10-04 21:33:54.549256'),
	(7, 'auth', '0005_alter_user_last_login_null', '2025-10-04 21:33:54.595210'),
	(8, 'auth', '0006_require_contenttypes_0002', '2025-10-04 21:33:54.613617'),
	(9, 'auth', '0007_alter_validators_add_error_messages', '2025-10-04 21:33:54.649608'),
	(10, 'auth', '0008_alter_user_username_max_length', '2025-10-04 21:33:54.696238'),
	(11, 'auth', '0009_alter_user_last_name_max_length', '2025-10-04 21:33:54.722073'),
	(12, 'auth', '0010_alter_group_name_max_length', '2025-10-04 21:33:54.820950'),
	(13, 'auth', '0011_update_proxy_permissions', '2025-10-04 21:33:54.851901'),
	(14, 'auth', '0012_alter_user_first_name_max_length', '2025-10-04 21:33:54.938765'),
	(15, 'controlUsuario', '0001_initial', '2025-10-04 21:33:58.246173'),
	(16, 'admin', '0001_initial', '2025-10-04 21:33:58.955372'),
	(17, 'admin', '0002_logentry_remove_auto_add', '2025-10-04 21:33:58.995722'),
	(18, 'admin', '0003_logentry_add_action_flag_choices', '2025-10-04 21:33:59.048461'),
	(19, 'hospital_pacientes', '0001_initial', '2025-10-04 21:34:00.015843'),
	(20, 'hospital_personal', '0001_initial', '2025-10-04 21:34:07.383975'),
	(21, 'sessions', '0001_initial', '2025-10-04 21:34:07.512245'),
	(22, 'hospital_personal', '0002_remove_estudiosdiagnosticos_especialidad_and_more', '2025-10-04 23:04:00.156926'),
	(23, 'hospital_personal', '0003_usuarioxespecialidadxservicioxrolesprofesionales_unique_usuario_rol_profesional', '2025-10-14 21:35:26.029432'),
	(24, 'controlUsuario', '0002_rolesprofesionales_especialidad_and_more', '2025-10-15 22:49:28.494237'),
	(25, 'hospital_personal', '0004_usuariorolprofesionalasignado_and_more', '2025-10-15 22:49:29.475693'),
	(26, 'hospital_personal', '0005_lugar_departamento_usuariolugartrabajoasignado_and_more', '2025-10-17 21:42:53.177866'),
	(27, 'hospital_personal', '0006_alter_usuariolugartrabajoasignado_usuario', '2025-10-18 19:22:03.737162');

-- Volcando estructura para tabla hospitalbd.django_session
CREATE TABLE IF NOT EXISTS `django_session` (
  `session_key` varchar(40) COLLATE utf8mb4_general_ci NOT NULL,
  `session_data` longtext COLLATE utf8mb4_general_ci NOT NULL,
  `expire_date` datetime(6) NOT NULL,
  PRIMARY KEY (`session_key`),
  KEY `django_session_expire_date_a5c62663` (`expire_date`)
) ENGINE=InnoDB DEFAULT CHARSET=utf8mb4 COLLATE=utf8mb4_general_ci;

-- Volcando datos para la tabla hospitalbd.django_session: ~12 rows (aproximadamente)
INSERT INTO `django_session` (`session_key`, `session_data`, `expire_date`) VALUES
	('0s50wollh0bfgukl7f6u2lxs4rbowso0', '.eJxVjDsOwjAQBe_iGlnOLv5R0nMGy15vcADZUpxUiLuTSCmgfTPz3iLEdSlh7TyHKYuLGMTpd0uRnlx3kB-x3pukVpd5SnJX5EG7vLXMr-vh_h2U2MtWA4PSFkx2YAj8GY1zaLW1GBE8J0vE4NEQa1Q4WEDHaHh0afNHrcTnC6WuNpY:1v5An5:exjJBq6AiJ_0-gUkY7hcbhaoXog66WObGn2CovbsJZo', '2025-10-18 22:31:47.873017'),
	('62ebvnxb6v3jei8rrs886ufvzyi19njk', 'e30:1v5Bhp:jdfqH0-rVrUa9UwrqkH6nBGdqPx0SHX7Ek3yRoZsr8U', '2025-10-18 23:30:25.072042'),
	('7c123nsmva2adcxp98fs3pfv08mfrdjo', '.eJxVjDsOwjAQBe_iGlnOLv5R0nMGy15vcADZUpxUiLuTSCmgfTPz3iLEdSlh7TyHKYuLGMTpd0uRnlx3kB-x3pukVpd5SnJX5EG7vLXMr-vh_h2U2MtWA4PSFkx2YAj8GY1zaLW1GBE8J0vE4NEQa1Q4WEDHaHh0afNHrcTnC6WuNpY:1v9Ti4:Le9RsnRwShKaV5y0qX44TilVxHUh_FOrhR0J-I91tqc', '2025-10-30 19:32:24.739134'),
	('9zpcc7k65mekk7rok3301kt22ysrst3a', '.eJxVjDsOwjAQBe_iGlnOLv5R0nMGy15vcADZUpxUiLuTSCmgfTPz3iLEdSlh7TyHKYuLGMTpd0uRnlx3kB-x3pukVpd5SnJX5EG7vLXMr-vh_h2U2MtWA4PSFkx2YAj8GY1zaLW1GBE8J0vE4NEQa1Q4WEDHaHh0afNHrcTnC6WuNpY:1v9sNV:HIhRDgI-V8cXaB-yDh1wxtqUb1roNQaBTAUVi3R6bF0', '2025-10-31 21:52:49.394378'),
	('chrm246dzxcpcbp5406mkwaqndyxqd10', '.eJxVjDsOwjAQBe_iGlnOLv5R0nMGy15vcADZUpxUiLuTSCmgfTPz3iLEdSlh7TyHKYuLGMTpd0uRnlx3kB-x3pukVpd5SnJX5EG7vLXMr-vh_h2U2MtWA4PSFkx2YAj8GY1zaLW1GBE8J0vE4NEQa1Q4WEDHaHh0afNHrcTnC6WuNpY:1v8PUY:f6hu_Pqx1jeDaKT--4ML2a0Ikp0c9vfw6QqZqYKhFEo', '2025-10-27 20:50:02.013772'),
	('dqdifza6vtimvx1bhhm6dalcsdni24df', '.eJxVjDsOwjAQBe_iGlnOLv5R0nMGy15vcADZUpxUiLuTSCmgfTPz3iLEdSlh7TyHKYuLGMTpd0uRnlx3kB-x3pukVpd5SnJX5EG7vLXMr-vh_h2U2MtWA4PSFkx2YAj8GY1zaLW1GBE8J0vE4NEQa1Q4WEDHaHh0afNHrcTnC6WuNpY:1v7dqf:U4eBIE81kOLO8dFeOlJ4kJPQA0xaxi1-doDpuJtMjuk', '2025-10-25 17:57:41.824038'),
	('htkqmcox7cie9se36ppmkl9yqgg69pe9', '.eJxVjDsOwjAQBe_iGlnOLv5R0nMGy15vcADZUpxUiLuTSCmgfTPz3iLEdSlh7TyHKYuLGMTpd0uRnlx3kB-x3pukVpd5SnJX5EG7vLXMr-vh_h2U2MtWA4PSFkx2YAj8GY1zaLW1GBE8J0vE4NEQa1Q4WEDHaHh0afNHrcTnC6WuNpY:1v9ALN:bOoM0DKOLk3vI-AyNb9_C3eBLfd6G6Ky7rYhOITD6vI', '2025-10-29 22:51:41.196634'),
	('ltjdio2aewash2k4403i1atrxznrr2j5', '.eJxVjDsOwjAQBe_iGlnOLv5R0nMGy15vcADZUpxUiLuTSCmgfTPz3iLEdSlh7TyHKYuLGMTpd0uRnlx3kB-x3pukVpd5SnJX5EG7vLXMr-vh_h2U2MtWA4PSFkx2YAj8GY1zaLW1GBE8J0vE4NEQa1Q4WEDHaHh0afNHrcTnC6WuNpY:1vABo6:FrDSG1zNKt7YWcfXQ6pPwnsti7ffEh0x1hs-NUK_K3c', '2025-11-01 18:37:34.696330'),
	('owdayllsycihw72za0vr6fitq8x1zanw', '.eJxVjDsOwjAQBe_iGlnOLv5R0nMGy15vcADZUpxUiLuTSCmgfTPz3iLEdSlh7TyHKYuLGMTpd0uRnlx3kB-x3pukVpd5SnJX5EG7vLXMr-vh_h2U2MtWA4PSFkx2YAj8GY1zaLW1GBE8J0vE4NEQa1Q4WEDHaHh0afNHrcTnC6WuNpY:1v5SIJ:L1kqeIt8HP_tCRqa9U2SOL5NAMZAjCxPLLeKIRqCa4M', '2025-10-19 17:13:11.599461'),
	('pfgj6uw60cdhe5gop4k9av7g97j871r2', '.eJxVjDsOwjAQBe_iGlnOLv5R0nMGy15vcADZUpxUiLuTSCmgfTPz3iLEdSlh7TyHKYuLGMTpd0uRnlx3kB-x3pukVpd5SnJX5EG7vLXMr-vh_h2U2MtWA4PSFkx2YAj8GY1zaLW1GBE8J0vE4NEQa1Q4WEDHaHh0afNHrcTnC6WuNpY:1v6W3H:cFVa_raynzj5XaAw8O06EPXBVR-pMCtLFxW8qBLvgYc', '2025-10-22 15:26:03.115256'),
	('q5pg2qi79lxvld7qp5o4ki1fcfycqmi0', 'e30:1v5Bj7:VJz6Wa69PFWW09sYehiJxDpTrZdCOqU_F6I-0xzOv7A', '2025-10-18 23:31:45.633527'),
	('thkbzji6n2pnjl10p4gvyb96y0sfda30', '.eJxVjDsOwjAQBe_iGlnOLv5R0nMGy15vcADZUpxUiLuTSCmgfTPz3iLEdSlh7TyHKYuLGMTpd0uRnlx3kB-x3pukVpd5SnJX5EG7vLXMr-vh_h2U2MtWA4PSFkx2YAj8GY1zaLW1GBE8J0vE4NEQa1Q4WEDHaHh0afNHrcTnC6WuNpY:1v6yjh:RDnxwFLd4E7kUhWOeRxJjWnc05ftt2whTBqfNfKDQrU', '2025-10-23 22:03:45.990790'),
	('us950hz9yqzkke81qbhrd116mafpvq0t', '.eJxVjDsOwjAQBe_iGlnOLv5R0nMGy15vcADZUpxUiLuTSCmgfTPz3iLEdSlh7TyHKYuLGMTpd0uRnlx3kB-x3pukVpd5SnJX5EG7vLXMr-vh_h2U2MtWA4PSFkx2YAj8GY1zaLW1GBE8J0vE4NEQa1Q4WEDHaHh0afNHrcTnC6WuNpY:1v6skg:scF3ItxWhPY__wRnUol9KVRvvDCC8IdExfwltPGfwhM', '2025-10-23 15:40:22.336727'),
	('x5tp7fm1rig69iyc2d61amhwwke7fivj', '.eJxVjDsOwjAQBe_iGlnOLv5R0nMGy15vcADZUpxUiLuTSCmgfTPz3iLEdSlh7TyHKYuLGMTpd0uRnlx3kB-x3pukVpd5SnJX5EG7vLXMr-vh_h2U2MtWA4PSFkx2YAj8GY1zaLW1GBE8J0vE4NEQa1Q4WEDHaHh0afNHrcTnC6WuNpY:1vADmu:JGoWTi8i3CJMpeQiNwB2bhuJQf1cPoZTmEypkMgRnZ8', '2025-11-01 20:44:28.272079');

-- Volcando estructura para tabla hospitalbd.hospital_pacientes_menoracargodepaciente
CREATE TABLE IF NOT EXISTS `hospital_pacientes_menoracargodepaciente` (
  `id` bigint NOT NULL AUTO_INCREMENT,
  `parentesco` varchar(50) COLLATE utf8mb4_general_ci NOT NULL,
  `adulto_id` bigint NOT NULL,
  `menor_id` bigint NOT NULL,
  PRIMARY KEY (`id`),
  UNIQUE KEY `menor_id` (`menor_id`),
  KEY `hospital_pacientes_m_adulto_id_20e76e46_fk_hospital_` (`adulto_id`),
  CONSTRAINT `hospital_pacientes_m_adulto_id_20e76e46_fk_hospital_` FOREIGN KEY (`adulto_id`) REFERENCES `hospital_pacientes_paciente` (`id`),
  CONSTRAINT `hospital_pacientes_m_menor_id_b631c279_fk_hospital_` FOREIGN KEY (`menor_id`) REFERENCES `hospital_pacientes_paciente` (`id`)
) ENGINE=InnoDB DEFAULT CHARSET=utf8mb4 COLLATE=utf8mb4_general_ci;

-- Volcando datos para la tabla hospitalbd.hospital_pacientes_menoracargodepaciente: ~0 rows (aproximadamente)

-- Volcando estructura para tabla hospitalbd.hospital_pacientes_paciente
CREATE TABLE IF NOT EXISTS `hospital_pacientes_paciente` (
  `id` bigint NOT NULL AUTO_INCREMENT,
  `direccion` varchar(255) COLLATE utf8mb4_general_ci NOT NULL,
  `persona_id` bigint NOT NULL,
  PRIMARY KEY (`id`),
  UNIQUE KEY `persona_id` (`persona_id`),
  CONSTRAINT `hospital_pacientes_p_persona_id_bd0c2004_fk_controlUs` FOREIGN KEY (`persona_id`) REFERENCES `controlusuario_persona` (`id`)
) ENGINE=InnoDB AUTO_INCREMENT=2 DEFAULT CHARSET=utf8mb4 COLLATE=utf8mb4_general_ci;

-- Volcando datos para la tabla hospitalbd.hospital_pacientes_paciente: ~0 rows (aproximadamente)
INSERT INTO `hospital_pacientes_paciente` (`id`, `direccion`, `persona_id`) VALUES
	(1, 'Calle Falsa 123', 3);

-- Volcando estructura para tabla hospitalbd.hospital_personal_consultas
CREATE TABLE IF NOT EXISTS `hospital_personal_consultas` (
  `id` bigint NOT NULL AUTO_INCREMENT,
  `diagnostico` longtext COLLATE utf8mb4_general_ci NOT NULL,
  `tratamiento` longtext COLLATE utf8mb4_general_ci,
  `observaciones` longtext COLLATE utf8mb4_general_ci NOT NULL,
  `fecha` datetime(6) NOT NULL,
  `turno_id` bigint NOT NULL,
  PRIMARY KEY (`id`),
  KEY `hospital_personal_co_turno_id_bd73b20a_fk_hospital_` (`turno_id`),
  CONSTRAINT `hospital_personal_co_turno_id_bd73b20a_fk_hospital_` FOREIGN KEY (`turno_id`) REFERENCES `hospital_personal_turno` (`id`)
) ENGINE=InnoDB AUTO_INCREMENT=2 DEFAULT CHARSET=utf8mb4 COLLATE=utf8mb4_general_ci;

-- Volcando datos para la tabla hospitalbd.hospital_personal_consultas: ~0 rows (aproximadamente)
INSERT INTO `hospital_personal_consultas` (`id`, `diagnostico`, `tratamiento`, `observaciones`, `fecha`, `turno_id`) VALUES
	(1, 'je', 'je', 'jeje', '2025-10-09 22:05:19.531078', 1);

-- Volcando estructura para tabla hospitalbd.hospital_personal_departamento
CREATE TABLE IF NOT EXISTS `hospital_personal_departamento` (
  `id` bigint NOT NULL AUTO_INCREMENT,
  `nombre_departamento` varchar(255) COLLATE utf8mb4_general_ci NOT NULL,
  `tipo` varchar(255) COLLATE utf8mb4_general_ci NOT NULL,
  `descripcion` longtext COLLATE utf8mb4_general_ci NOT NULL,
  PRIMARY KEY (`id`)
) ENGINE=InnoDB AUTO_INCREMENT=31 DEFAULT CHARSET=utf8mb4 COLLATE=utf8mb4_general_ci;

-- Volcando datos para la tabla hospitalbd.hospital_personal_departamento: ~17 rows (aproximadamente)
INSERT INTO `hospital_personal_departamento` (`id`, `nombre_departamento`, `tipo`, `descripcion`) VALUES
	(1, 'Urgencias (Emergencias)', 'Atención de urgencias médicas.', 'Este departamento se encarga de la atención inmediata a pacientes que presentan situaciones críticas o repentinas, como accidentes, dolor agudo, hemorragias, problemas respiratorios, etc. Funciona las 24 horas del día.'),
	(2, 'Consultas Externas (Consultorios)', 'Atención ambulatoria.', 'Es el departamento donde los pacientes reciben atención médica de manera ambulatoria, sin necesidad de ser hospitalizados. Se realizan consultas generales y especializadas para diagnóstico y seguimiento de enfermedades.'),
	(3, 'Cirugía', 'Atención quirúrgica.', 'Departamento especializado en realizar intervenciones quirúrgicas tanto programadas como de emergencia. Aquí se operan una variedad de condiciones, desde procedimientos menores hasta cirugías mayores.'),
	(4, 'Unidad de Cuidados Intensivos (UCI)', 'Cuidados críticos.', 'Este departamento se encarga de la atención de pacientes en estado crítico o grave que requieren monitoreo constante y tratamientos especializados, como ventilación mecánica, apoyo cardiovascular, etc.'),
	(5, 'Radiología y Diagnóstico por Imagen', 'Diagnóstico por imagen.', 'Departamento encargado de realizar estudios de diagnóstico como radiografías, tomografías, resonancias magnéticas, ecografías y otros, para ayudar en la detección y diagnóstico de enfermedades y lesiones.'),
	(6, 'Laboratorio Clínico', 'Análisis clínicos.', 'Aquí se realizan análisis de muestras biológicas (sangre, orina, tejidos, etc.) para obtener diagnósticos precisos de diversas condiciones médicas. Incluye pruebas de laboratorio para infecciones, enfermedades metabólicas, y más.'),
	(7, 'Farmacia', 'Dispensa de medicamentos.', 'En este departamento se gestionan y distribuyen los medicamentos tanto para pacientes hospitalizados como ambulatorios. Los farmacéuticos asesoran sobre el uso adecuado de medicamentos y gestionan el inventario.'),
	(8, 'Oncología', 'Tratamiento del cáncer.', 'Especializado en el diagnóstico, tratamiento y seguimiento de pacientes con cáncer. Este departamento maneja quimioterapia, radioterapia, cirugía oncológica, y cuidado paliativo, entre otros.'),
	(9, 'Pediatría', 'Medicina infantil.', 'En este departamento se ofrece atención médica a niños, desde recién nacidos hasta adolescentes. Se tratan enfermedades específicas de la infancia, seguimiento del crecimiento y desarrollo, y vacunación.'),
	(10, 'Ginecología y Obstetricia', 'Salud reproductiva femenina.', 'Se enfoca en el cuidado de la salud reproductiva de la mujer, incluyendo la atención durante el embarazo, el parto, la posparto, así como la prevención y tratamiento de enfermedades ginecológicas.'),
	(11, 'Dermatología', 'Enfermedades de la piel.', 'Especializado en el diagnóstico y tratamiento de enfermedades de la piel, cabello y uñas, tales como acné, psoriasis, dermatitis, cáncer de piel, y trastornos estéticos.'),
	(12, 'Cardiología', 'Especialidad Clínica', 'El Departamento de Cardiología se encarga del diagnóstico, tratamiento y seguimiento de enfermedades cardiovasculares. Atiende pacientes con patologías como hipertensión, insuficiencia cardíaca, arritmias, cardiopatías congénitas y enfermedad coronaria, entre otras.\r\n\r\nOfrece estudios como electrocardiograma, ecocardiograma, monitoreo Holter, pruebas de esfuerzo (ergometría) y control de marcapasos. Brinda atención ambulatoria, internación en unidad coronaria y participa activamente en programas de prevención cardiovascular.'),
	(13, 'Endocrinología y Metabolismo', 'Clínico', 'El departamento de Endocrinología y Metabolismo se encarga del diagnóstico, tratamiento y seguimiento de enfermedades relacionadas con las glándulas endocrinas y los trastornos metabólicos. Incluye patologías como diabetes, enfermedades tiroideas, trastornos hormonales y desórdenes metabólicos. Trabaja en conjunto con el laboratorio de endocrinología para ofrecer análisis especializados y brindar un tratamiento integral a los pacientes.'),
	(14, 'Microbiología y Bacteriología', 'Clínico', 'El departamento de Microbiología y Bacteriología se dedica al diagnóstico, estudio y control de enfermedades infecciosas causadas por bacterias y otros microorganismos. Colabora estrechamente con laboratorios clínicos para realizar cultivos, pruebas de sensibilidad y estudios epidemiológicos que permiten un manejo adecuado de las infecciones en los pacientes.'),
	(15, 'Neumología', 'Clínico', 'Este es el área principal donde se gestionan los estudios y diagnósticos relacionados con el sistema respiratorio, incluyendo enfermedades como asma, EPOC (enfermedad pulmonar obstructiva crónica), neumonía, fibrosis pulmonar, tuberculosis, entre otras. En este departamento se realizan consultas, estudios diagnósticos y seguimientos de los pacientes con problemas respiratorios.'),
	(16, 'Diagnostico', 'Clínico', 'Este Departamento trabaja estrechamente con otros servicios como cirugía, oncología, ginecología y medicina interna, ya que se encarga del estudio de muestras de tejido (biopsias, piezas quirúrgicas, citologías) para establecer diagnósticos.'),
	(17, 'Neurología', 'Clinico', 'El Departamento de Neurología es la unidad médico-asistencial especializada en la prevención, diagnóstico, tratamiento y seguimiento de enfermedades que afectan al sistema nervioso central y periférico, incluyendo el cerebro, médula espinal, nervios y músculos.'),
	(18, 'Unidad de Recuperación Postquirúrgica (PACU)', 'Asistencial', 'La Unidad de Recuperación Postquirúrgica es el espacio donde los pacientes son trasladados inmediatamente después de una cirugía, para ser monitoreados y estabilizados durante el proceso de recuperación de la anestesia.'),
	(19, 'Anestesiología', 'Clínico', 'El Departamento de Anestesiología es responsable de planificar, administrar y supervisar la anestesia en pacientes que se someten a procedimientos quirúrgicos, diagnósticos o terapéuticos. Además, este departamento tiene un papel fundamental en el manejo del dolor agudo y crónico, así como en el soporte vital en situaciones críticas.'),
	(20, 'Patología', 'Clínico y de laboratorio', 'El Departamento de Patología es responsable de la evaluación diagnóstica de muestras biológicas (tejidos, fluidos corporales, células) para identificar enfermedades, orientar tratamientos y apoyar la toma de decisiones clínicas. Es fundamental para el diagnóstico definitivo en muchas enfermedades, incluyendo infecciones, cánceres, trastornos inflamatorios y genéticos.'),
	(21, 'Nefrología', 'Clínico', 'El Departamento de Nefrología se encarga del estudio y tratamiento de las patologías que afectan la función renal, incluyendo enfermedades agudas y crónicas, así como el manejo de la insuficiencia renal. Además, supervisa terapias de sustitución renal como la diálisis y la preparación para el trasplante renal.'),
	(22, 'Gastroenterología', 'Clínico', 'El Departamento de Gastroenterología se encarga del estudio y tratamiento de las patologías que afectan el tracto gastrointestinal, que incluye esófago, estómago, intestinos, hígado, páncreas y vías biliares. Además, realiza procedimientos diagnósticos y terapéuticos como endoscopias.'),
	(23, 'Reumatología', 'Clínico', 'El Departamento de Reumatología se enfoca en el estudio y tratamiento de enfermedades reumáticas, que incluyen trastornos inflamatorios, degenerativos y autoinmunes. Estos trastornos afectan principalmente las articulaciones y el sistema musculoesquelético, pero también pueden comprometer órganos internos.'),
	(24, 'Psiquiatría', 'Clínico', 'El Departamento de Psiquiatría se encarga de la atención integral de pacientes con enfermedades mentales, proporcionando evaluación clínica, terapias farmacológicas y psicoterapéuticas. También trabaja en la prevención, rehabilitación y promoción de la salud mental.'),
	(25, 'Cuidados Paliativos', 'Clínico', 'El Departamento de Cuidados Paliativos se enfoca en el alivio del dolor y otros síntomas en pacientes con enfermedades que no responden a tratamientos curativos, como el cáncer avanzado, enfermedades neurológicas degenerativas, insuficiencias orgánicas crónicas, entre otras.\r\n\r\nEste departamento no busca curar la enfermedad, sino mejorar la calidad de vida del paciente y su familia, promoviendo una atención digna, humanizada y respetuosa durante el proceso de enfermedad avanzada o en el final de la vida.'),
	(26, 'Otorrinolaringología', 'Clínico-quirúrgico', 'El Departamento de Otorrinolaringología se dedica a tratar afecciones que afectan los órganos sensoriales y las vías respiratorias superiores, incluyendo problemas auditivos, de equilibrio, respiración nasal, deglución, habla y voz. Además, maneja quirúrgicamente enfermedades de cabeza y cuello, incluyendo tumores benignos o malignos.'),
	(27, 'Oftalmología', 'Clínico-quirúrgico', 'El Departamento de Oftalmología se dedica a la atención integral de la salud visual, incluyendo el diagnóstico y tratamiento médico y quirúrgico de enfermedades oculares, así como la prevención de la ceguera y el cuidado de la visión.'),
	(28, 'Alergología', 'Clínico', 'El Departamento de Alergología se encarga del estudio y tratamiento de las reacciones alérgicas, que pueden afectar diferentes órganos y sistemas, como la piel, las vías respiratorias, el aparato digestivo y en casos severos, provocar anafilaxia. También aborda trastornos relacionados con el sistema inmunológico.'),
	(29, 'Salas administrativas', 'Administrativo', 'Estas salas están destinadas a las actividades administrativas y de gestión hospitalaria, donde se planifican, organizan y supervisan procesos relacionados con recursos humanos, finanzas, logística, atención al paciente y otras áreas operativas esenciales para el funcionamiento eficaz del centro de salud.'),
	(30, 'Banco de Sangre', 'Clínico', 'El Banco de Sangre se encarga de garantizar la disponibilidad y seguridad de la sangre y sus derivados, cumpliendo con estrictos controles para evitar reacciones transfusionales y transmisión de enfermedades. Además, realiza pruebas de compatibilidad y estudios inmunohematológicos.');

-- Volcando estructura para tabla hospitalbd.hospital_personal_especialidades
CREATE TABLE IF NOT EXISTS `hospital_personal_especialidades` (
  `id` bigint NOT NULL AUTO_INCREMENT,
  `nombre_especialidad` varchar(255) COLLATE utf8mb4_general_ci NOT NULL,
  `descripcion` longtext COLLATE utf8mb4_general_ci NOT NULL,
  `permite_turno` tinyint(1) NOT NULL,
  `departamento_id` bigint NOT NULL,
  PRIMARY KEY (`id`),
  KEY `hospital_personal_es_departamento_id_c964bc2b_fk_hospital_` (`departamento_id`),
  CONSTRAINT `hospital_personal_es_departamento_id_c964bc2b_fk_hospital_` FOREIGN KEY (`departamento_id`) REFERENCES `hospital_personal_departamento` (`id`)
) ENGINE=InnoDB AUTO_INCREMENT=38 DEFAULT CHARSET=utf8mb4 COLLATE=utf8mb4_general_ci;

-- Volcando datos para la tabla hospitalbd.hospital_personal_especialidades: ~37 rows (aproximadamente)
INSERT INTO `hospital_personal_especialidades` (`id`, `nombre_especialidad`, `descripcion`, `permite_turno`, `departamento_id`) VALUES
	(1, 'Medicina de Urgencias', 'Especialidad que se ocupa de la atención inmediata a pacientes en situaciones de emergencia y urgencias médicas, como accidentes o enfermedades repentinas.', 0, 1),
	(2, 'Trauma y Cirugía de Urgencias', 'Especialidad centrada en el manejo de traumas y lesiones en situaciones de emergencia que requieren intervención quirúrgica urgente.', 0, 1),
	(3, 'Medicina General', 'Especialidad que se encarga de la atención primaria de la salud, diagnóstico y tratamiento de enfermedades comunes y prevención.', 1, 2),
	(4, 'Pediatría', 'Especialidad que se dedica a la atención médica de niños y adolescentes, desde el nacimiento hasta la adolescencia.', 1, 2),
	(5, 'Ginecología y Obstetricia', 'Especialidad médica que atiende la salud reproductiva femenina, abarcando desde consultas ginecológicas hasta seguimiento prenatal y postnatal.', 1, 2),
	(6, 'Dermatología', 'Especialidad que diagnostica y trata las enfermedades de la piel, cabello y uñas, incluyendo enfermedades dermatológicas comunes y estéticas.', 1, 2),
	(7, 'Cirugía General', 'Especialidad que se enfoca en el tratamiento quirúrgico de diversas patologías, incluyendo intervenciones en órganos y tejidos internos.', 1, 3),
	(8, 'Cirugía Oncológica', 'Especialidad quirúrgica que se dedica al diagnóstico y tratamiento quirúrgico del cáncer en diversas partes del cuerpo.', 1, 3),
	(9, 'Cirugía Vascular', 'Especialidad que aborda las enfermedades de los vasos sanguíneos, mediante procedimientos quirúrgicos.', 1, 3),
	(10, 'Medicina Crítica', 'Especialidad médica que se encarga del manejo de pacientes en estado crítico, incluyendo soporte vital y monitoreo intensivo.', 0, 4),
	(11, 'Anestesiología', 'Especialidad médica que se ocupa de la administración de anestesia y el manejo del dolor en procedimientos quirúrgicos o críticos.', 0, 4),
	(12, 'Radiología intervencionista', 'Especialidad médica que realiza procedimientos mínimamente invasivos guiados por imágenes (rayos X, ecografía, tomografía, resonancia) para diagnosticar y tratar diversas patologías, permitiendo atención directa del paciente sin necesidad de cirugía abierta.', 1, 5),
	(13, 'Patología', 'Especialidad médica que se ocupa del diagnóstico de enfermedades a través de análisis de muestras biológicas.', 0, 6),
	(14, 'Microbiología', 'Especialidad enfocada en el diagnóstico de infecciones mediante análisis microbiológicos de muestras de sangre, orina, etc.', 0, 6),
	(15, 'Oncología Médica', 'Especialidad que trata el cáncer mediante quimioterapia, terapias biológicas y seguimiento de pacientes con cáncer en todas sus fases.', 1, 8),
	(16, 'Oncología Ginecológica', 'Especialidad médica que trata los cánceres relacionados con el aparato reproductivo femenino, como cáncer de ovario y de cuello uterino.', 1, 8),
	(17, 'Neonatología', 'Especialidad médica que se ocupa del cuidado de recién nacidos, especialmente aquellos que nacen prematuramente o con enfermedades.', 1, 9),
	(18, 'Obstetricia', 'Especialidad que se ocupa del manejo del embarazo, el parto y el postparto, incluyendo la salud de la madre y el bebé.', 1, 10),
	(19, 'Ginecología', 'Especialidad médica que se encarga del diagnóstico y tratamiento de enfermedades del aparato reproductivo femenino, incluyendo trastornos menstruales y cáncer ginecológico.', 1, 10),
	(20, 'Dermatología Estética', 'Especialidad que trata las afecciones estéticas de la piel, cabello y uñas, como rejuvenecimiento facial, tratamientos contra la caída del cabello, etc.', 1, 11),
	(21, 'Cirugía Dermatológica', 'Especialidad quirúrgica que se ocupa de realizar procedimientos en la piel, como la eliminación de tumores cutáneos, tratamiento de cicatrices, etc.', 1, 11),
	(22, 'Medicina de Emergencias Pediátricas', 'Especialidad que se ocupa de la atención de emergencias médicas en niños, considerando sus necesidades específicas.', 0, 1),
	(23, 'Medicina de Desastres', 'Especialidad que se encarga de la atención de emergencias y desastres masivos, como accidentes múltiples, desastres naturales, etc.', 0, 1),
	(24, 'Cardiología', 'Especialidad que se dedica a diagnosticar y tratar enfermedades del corazón y del sistema circulatorio.', 1, 2),
	(25, 'Neumología', 'Especialidad que se ocupa de las enfermedades respiratorias, como el asma, bronquitis crónica, neumonía, entre otras.', 1, 2),
	(26, 'Endocrinología', 'Especialidad médica que trata trastornos hormonales y metabólicos, como diabetes, hipotiroidismo, etc.', 1, 2),
	(27, 'Oftalmología', 'Especialidad que se dedica al diagnóstico y tratamiento de enfermedades y trastornos visuales.', 1, 2),
	(28, 'Otorrinolaringología', 'Especialidad que se enfoca en el diagnóstico y tratamiento de enfermedades relacionadas con los oídos, nariz y garganta.', 1, 2),
	(29, 'Urología', 'Especialidad que trata enfermedades del sistema urinario y los órganos reproductores masculinos, incluyendo problemas renales y de próstata.', 1, 2),
	(30, 'Reumatología', 'Especialidad médica que diagnostica y trata enfermedades autoinmunes y enfermedades musculoesqueléticas como artritis y lupus.', 1, 2),
	(31, 'Gastroenterología', 'Especialidad dedicada al diagnóstico y tratamiento de enfermedades del aparato digestivo, incluyendo el hígado, páncreas y colon.', 1, 2),
	(32, 'Neurología', 'Especialidad médica que se ocupa de los trastornos del sistema nervioso central y periférico, como accidentes cerebrovasculares, esclerosis múltiple, etc.', 1, 2),
	(33, 'Cirugía Torácica', 'Especialidad quirúrgica que se ocupa del tratamiento de enfermedades del tórax, incluidos los pulmones y el corazón.', 1, 3),
	(34, 'Cirugía Plástica y Estética', 'Especialidad que se dedica a la reparación de tejidos y a los procedimientos estéticos reconstructivos.', 1, 3),
	(35, 'Cirugía Ortopédica', 'Especialidad quirúrgica que trata problemas musculoesqueléticos, incluyendo fracturas, deformidades y trastornos articulares.', 1, 3),
	(36, 'Neurocrítica', 'Especialidad que se ocupa del tratamiento de pacientes con trastornos neurológicos graves, como traumatismos craneoencefálicos o ACVs.', 0, 4),
	(37, 'Cuidados Paliativos', 'Especialidad que se centra en el alivio del dolor y el sufrimiento de pacientes con enfermedades terminales o crónicas.', 1, 4);

-- Volcando estructura para tabla hospitalbd.hospital_personal_estudiosdiagnosticos
CREATE TABLE IF NOT EXISTS `hospital_personal_estudiosdiagnosticos` (
  `id` bigint NOT NULL AUTO_INCREMENT,
  `tipo_resultado` varchar(100) COLLATE utf8mb4_general_ci NOT NULL,
  `nombre_estudio` varchar(200) COLLATE utf8mb4_general_ci NOT NULL,
  `servicio_diagnostico_id` bigint NOT NULL,
  PRIMARY KEY (`id`),
  KEY `hospital_personal_es_servicio_diagnostico_06e305e5_fk_hospital_` (`servicio_diagnostico_id`),
  CONSTRAINT `hospital_personal_es_servicio_diagnostico_06e305e5_fk_hospital_` FOREIGN KEY (`servicio_diagnostico_id`) REFERENCES `hospital_personal_serviciodiagnostico` (`id`)
) ENGINE=InnoDB AUTO_INCREMENT=607 DEFAULT CHARSET=utf8mb4 COLLATE=utf8mb4_general_ci;

-- Volcando datos para la tabla hospitalbd.hospital_personal_estudiosdiagnosticos: ~578 rows (aproximadamente)
INSERT INTO `hospital_personal_estudiosdiagnosticos` (`id`, `tipo_resultado`, `nombre_estudio`, `servicio_diagnostico_id`) VALUES
	(1, 'img', 'Radiografía de tórax', 1),
	(2, 'img', 'Radiografía de abdomen', 1),
	(3, 'img', 'Radiografía de pelvis', 1),
	(4, 'img', 'Ecografía FAST', 2),
	(5, 'img', 'Ecografía suprarrenal', 6),
	(6, 'img', 'Ecocardiografía rápida', 2),
	(8, 'img', 'TAC de tórax', 13),
	(9, 'img', 'TAC de columna cervical', 13),
	(10, 'img', 'Radiografía de huesos largos', 1),
	(11, 'img', 'Radiografía de columna cervical', 1),
	(12, 'img', 'Radiografía de tórax post-trauma', 1),
	(13, 'img', 'Ecografía abdominal en trauma', 2),
	(14, 'img', 'TAC de tórax politrauma', 13),
	(15, 'img', 'TAC de pelvis', 13),
	(16, 'img', 'TAC cuerpo entero (Whole Body CT)', 13),
	(17, 'img', 'Radiografía de tórax pediátrica', 1),
	(18, 'img', 'Radiografía de huesos largos pediátricos', 1),
	(19, 'img', 'Radiografía simple de abdomen', 1),
	(20, 'img', 'Ecografía abdominal pediátrica', 2),
	(21, 'img', 'Ecografía cerebral neonatal', 2),
	(22, 'img', 'Ecografía renal pediátrica', 2),
	(23, 'img', 'TAC craneal pediátrico', 13),
	(24, 'img', 'TAC de tórax pediátrico', 13),
	(25, 'img', 'TAC de columna pediátrica', 13),
	(26, 'img', 'Radiografía de tórax múltiples víctimas', 1),
	(27, 'img', 'TAC de pelvis con contraste', 13),
	(28, 'img', 'Radiografía de columna múltiples víctimas', 1),
	(29, 'img', 'Ecografía cardíaca', 6),
	(30, 'img', 'TAC de tórax con contraste', 13),
	(31, 'img', 'TAC de abdomen', 13),
	(33, 'lab', 'Hemograma completo', 4),
	(34, 'lab', 'Examen de orina completo', 4),
	(35, 'lab', 'Perfil lipídico', 4),
	(36, 'lab', 'Glucemia', 4),
	(37, 'lab', 'Pruebas de función hepática', 4),
	(38, 'lab', 'Pruebas de función renal', 4),
	(39, 'fisio', 'Electrocardiograma en reposo', 5),
	(40, 'eval', 'Examen visual básico', 10),
	(41, 'eval', 'Examen auditivo básico', 9),
	(42, 'lab', 'Prueba de alergia general', 11),
	(43, 'lab', 'Perfil metabólico pediátrico', 4),
	(44, 'lab', 'Prueba neonatal de hipotiroidismo', 29),
	(45, 'img', 'Ecografía cerebral pediátrica', 30),
	(46, 'eval', 'Examen auditivo neonatal', 29),
	(47, 'eval', 'Examen visual pediátrico', 10),
	(48, 'lab', 'Pruebas de alergia pediátricas', 11),
	(49, 'lab', 'Cultivo de orina pediátrico', 4),
	(50, 'img', 'Ecografía ginecológica transvaginal', 31),
	(51, 'img', 'Ecografía transabdominal', 31),
	(52, 'img', 'Ecografía de control de folículos', 31),
	(53, 'lab', 'Perfil hormonal femenino', 32),
	(54, 'lab', 'Prueba de fertilidad básica', 32),
	(55, 'lab', 'Prueba de fertilidad avanzada', 32),
	(56, 'lab', 'Examen Papanicolaou', 4),
	(57, 'img', 'Colposcopia', 31),
	(58, 'lab', 'Biopsia endometrial', 4),
	(59, 'lab', 'Examen de orina en embarazo', 4),
	(60, 'img', 'Dermatoscopia de lunares', 33),
	(61, 'img', 'Dermatoscopia de lesiones pigmentadas', 33),
	(62, 'lab', 'Pruebas de alergia dermatológica', 34),
	(63, 'lab', 'Prueba del parche (epicutánea)', 34),
	(64, 'lab', 'Biopsia de piel', 33),
	(65, 'lab', 'Cultivo micológico', 34),
	(66, 'lab', 'Examen bacteriológico de piel', 34),
	(67, 'img', 'Dermatoscopia digital', 33),
	(68, 'eval', 'Examen capilar (tricograma)', 34),
	(69, 'eval', 'Examen de uñas (onicopatías)', 34),
	(70, 'fisio', 'Electrocardiograma de esfuerzo', 5),
	(71, 'fisio', 'Holter de 24 horas', 5),
	(72, 'fisio', 'Prueba de esfuerzo ergométrica', 5),
	(73, 'img', 'Ecocardiograma Doppler', 6),
	(74, 'img', 'Ecocardiograma transtorácico', 6),
	(75, 'img', 'Ecocardiograma transesofágico', 6),
	(76, 'fisio', 'Prueba de función cardíaca basal', 5),
	(77, 'fisio', 'Prueba de esfuerzo farmacológica', 5),
	(78, 'fisio', 'Prueba de variabilidad cardíaca', 5),
	(79, 'fisio', 'Espirometría simple', 7),
	(80, 'fisio', 'Espirometría forzada', 7),
	(81, 'fisio', 'Prueba broncodilatadora', 7),
	(82, 'fisio', 'Prueba de difusión pulmonar', 7),
	(83, 'fisio', 'Prueba de función pulmonar completa', 7),
	(84, 'fisio', 'Prueba de resistencia de vías aéreas', 7),
	(85, 'fisio', 'Test de marcha de 6 minutos', 7),
	(86, 'img', 'Radiografía de tórax control', 18),
	(88, 'img', 'Resonancia pulmonar', 14),
	(89, 'lab', 'Perfil tiroideo completo', 23),
	(90, 'lab', 'Prueba de TSH', 23),
	(91, 'lab', 'Prueba de T4 libre', 23),
	(92, 'lab', 'Prueba de T3', 23),
	(93, 'lab', 'Prueba de anticuerpos antitiroideos', 23),
	(94, 'lab', 'Perfil glucémico', 23),
	(95, 'lab', 'Prueba de tolerancia a la glucosa', 23),
	(96, 'lab', 'Prueba de insulina basal', 23),
	(97, 'lab', 'Prueba de hemoglobina glicosilada', 23),
	(98, 'eval', 'Examen de agudeza visual', 10),
	(99, 'eval', 'Campimetría visual', 10),
	(100, 'eval', 'Fondo de ojo', 10),
	(101, 'eval', 'Tonometría ocular', 10),
	(102, 'eval', 'Prueba de motilidad ocular', 10),
	(103, 'eval', 'Prueba de visión de colores', 10),
	(104, 'eval', 'Examen con lámpara de hendidura', 10),
	(105, 'eval', 'Retinografía', 10),
	(106, 'eval', 'OCT (Tomografía de coherencia óptica)', 10),
	(107, 'eval', 'Paquimetría corneal', 10),
	(108, 'eval', 'Audiometría tonal', 9),
	(109, 'eval', 'Audiometría impedanciométrica', 9),
	(110, 'img', 'Videoendoscopía nasofaríngea', 6),
	(111, 'eval', 'Timpanometría', 9),
	(112, 'eval', 'Pruebas de equilibrio vestibular', 9),
	(113, 'eval', 'Examen de laringe con fibra óptica', 6),
	(114, 'eval', 'Otoemisiones acústicas', 9),
	(115, 'eval', 'Cultivo de exudado faríngeo', 36),
	(116, 'eval', 'Prueba de olfato', 6),
	(117, 'img', 'TAC de senos paranasales', 13),
	(118, 'lab', 'Uroanálisis completo', 24),
	(119, 'img', 'Ecografía renal y vesical', 6),
	(121, 'img', 'Cistoscopia', 6),
	(122, 'fisio', 'Flujometría urinaria', 24),
	(123, 'lab', 'Estudio de próstata (PSA)', 23),
	(124, 'lab', 'Cultivo de orina', 24),
	(125, 'img', 'Urografía intravenosa', 13),
	(126, 'lab', 'Perfil inflamatorio', 4),
	(127, 'lab', 'Factor reumatoide', 4),
	(128, 'lab', 'Anticuerpos anti-CCP', 4),
	(129, 'lab', 'Análisis de líquido sinovial', 4),
	(130, 'img', 'Radiografía de articulaciones', 18),
	(131, 'img', 'Resonancia magnética de articulaciones', 14),
	(132, 'img', 'Ultrasonido musculoesquelético', 6),
	(133, 'img', 'Densitometría ósea', 18),
	(134, 'lab', 'Pruebas HLA-B27', 23),
	(135, 'eval', 'Examen físico especializado en artritis', 6),
	(136, 'img', 'Endoscopía digestiva alta', 8),
	(137, 'img', 'Colonoscopia', 8),
	(138, 'img', 'Ecografía abdominal', 6),
	(140, 'lab', 'Test de Helicobacter pylori', 24),
	(141, 'lab', 'Biopsia gastrointestinal', 27),
	(142, 'img', 'Resonancia magnética abdominal', 14),
	(143, 'img', 'Fibroscan hepático', 14),
	(144, 'fisio', 'pHmetría esofágica', 7),
	(145, 'fisio', 'Electroencefalograma (EEG)', 17),
	(146, 'fisio', 'Potenciales evocados visuales', 17),
	(147, 'img', 'TAC craneal', 13),
	(148, 'img', 'RM cerebral', 14),
	(149, 'fisio', 'Estudio de conducción nerviosa', 17),
	(150, 'fisio', 'Electromiografía (EMG)', 17),
	(151, 'fisio', 'Monitorización ambulatoria de EEG', 17),
	(152, 'eval', 'Examen neurológico completo', 6),
	(153, 'img', 'Ecografía Doppler', 6),
	(154, 'img', 'Radiografía preoperatoria', 12),
	(155, 'img', 'RM de órganos internos', 14),
	(156, 'img', 'Ecografía preoperatoria', 6),
	(157, 'lab', 'Marcadores tumorales', 23),
	(158, 'lab', 'Examen de laboratorio prequirúrgico', 4),
	(159, 'fisio', 'Electrocardiograma prequirúrgico', 5),
	(160, 'fisio', 'Prueba de función pulmonar', 7),
	(161, 'lab', 'Biopsia de tejidos', 27),
	(162, 'img', 'Resonancia o TAC de planificación quirúrgica', 14),
	(163, 'lab', 'Biopsia tumoral', 27),
	(164, 'img', 'TAC prequirúrgico de tumor', 13),
	(165, 'img', 'RM prequirúrgica de tumor', 14),
	(166, 'img', 'PET-CT', 13),
	(167, 'img', 'Ecografía abdominal en cáncer', 6),
	(168, 'lab', 'Pruebas hematológicas', 4),
	(169, 'img', 'Endoscopia oncológica', 8),
	(170, 'lab', 'Estudios de función hepática y renal', 4),
	(171, 'img', 'Doppler arterial', 6),
	(172, 'img', 'Doppler venoso', 6),
	(173, 'img', 'Angiografía por TAC', 13),
	(174, 'img', 'Angiografía por RM', 14),
	(175, 'img', 'Ecografía vascular', 6),
	(176, 'lab', 'Pruebas de coagulación', 4),
	(177, 'eval', 'Examen físico vascular', 6),
	(178, 'img', 'TAC de vasos periféricos', 13),
	(179, 'img', 'RM de vasos periféricos', 14),
	(180, 'fisio', 'Estudio de perfusión tisular', 6),
	(181, 'img', 'TAC torácico', 13),
	(182, 'img', 'Resonancia magnética torácica', 14),
	(183, 'img', 'Broncoscopia', 8),
	(184, 'fisio', 'Pruebas de función pulmonar', 7),
	(185, 'img', 'Ecografía torácica', 6),
	(186, 'lab', 'Marcadores tumorales pulmonares', 23),
	(187, 'img', 'Gammagrafía pulmonar', 13),
	(188, 'lab', 'Examen preoperatorio general', 4),
	(189, 'lab', 'Biopsia pulmonar', 27),
	(190, 'eval', 'Evaluación prequirúrgica de piel', 6),
	(191, 'eval', 'Fotografía médica preoperatoria', 6),
	(192, 'img', 'Ecografía de tejidos blandos', 6),
	(193, 'lab', 'Biopsia cutánea', 27),
	(194, 'lab', 'Laboratorio preoperatorio', 4),
	(195, 'lab', 'Evaluación de coagulación', 4),
	(196, 'img', 'TAC de área quirúrgica', 13),
	(197, 'img', 'RM de área quirúrgica', 14),
	(198, 'img', 'Evaluación vascular de colgajos', 6),
	(199, 'fisio', 'Estudio de función respiratoria', 7),
	(200, 'img', 'TAC de fracturas complejas', 13),
	(201, 'img', 'TAC articular', 13),
	(203, 'fisio', 'Electrocardiograma preoperatorio', 5),
	(204, 'fisio', 'Pruebas de función pulmonar', 7),
	(205, 'lab', 'Biopsia ósea', 27),
	(206, 'eval', 'Evaluación física ortopédica completa', 6),
	(207, 'fisio', 'Monitoreo hemodinámico', 15),
	(208, 'lab', 'Gasometría arterial', 23),
	(209, 'fisio', 'Electrocardiograma continuo', 5),
	(212, 'lab', 'Laboratorio clínico completo', 4),
	(213, 'fisio', 'Monitoreo de presión intracraneal', 15),
	(214, 'eval', 'Evaluación preanestésica', 6),
	(215, 'fisio', 'Monitoreo intraoperatorio', 15),
	(216, 'img', 'Ecografía para bloqueos nerviosos', 6),
	(217, 'fisio', 'Monitoreo de oxigenación y ventilación', 15),
	(218, 'fisio', 'Evaluación respiratoria preoperatoria', 7),
	(219, 'lab', 'Laboratorio preoperatorio', 4),
	(220, 'fisio', 'Monitorización neurológica', 17),
	(221, 'fisio', 'Electroencefalograma en pacientes críticos', 17),
	(223, 'lab', 'Evaluación laboratorio neurocrítico', 4),
	(224, 'fisio', 'Monitoreo de presión intracraneal', 15),
	(225, 'fisio', 'Gasometría arterial pre y post ejercicio', 23),
	(226, 'eval', 'Evaluación neurológica completa', 6),
	(227, 'img', 'Ultrasonido transcraneal', 6),
	(228, 'img', 'Ecografía Doppler cerebral', 6),
	(229, 'eval', 'Evaluación clínica paliativa', 6),
	(230, 'fisio', 'Monitoreo de signos vitales', 15),
	(231, 'lab', 'Laboratorio básico', 4),
	(232, 'fisio', 'Electrocardiograma', 5),
	(233, 'eval', 'Evaluación del dolor', 6),
	(234, 'img', 'Exámenes de imagen según necesidad', 18),
	(235, 'lab', 'Evaluación nutricional', 4),
	(236, 'lab', 'Coagulación (TP, TTPA, INR, Fibrinógeno)', 4),
	(237, 'img', 'Ultrasonido general', 6),
	(238, 'img', 'Radiografía lumbosacra', 18),
	(239, 'img', 'Radiografía de senos paranasales', 18),
	(241, 'lab', 'Perfil tiroideo neonatal', 23),
	(245, 'lab', 'Pruebas hematológicas', 4),
	(251, 'lab', 'Pruebas de coagulación', 4),
	(252, 'eval', 'Examen físico vascular', 6),
	(255, 'fisio', 'Estudio de perfusión tisular', 6),
	(259, 'fisio', 'Estudio de función respiratoria', 7),
	(261, 'img', 'Resonancia magnética de tejidos blandos', 14),
	(263, 'fisio', 'Electrocardiograma preoperatorio', 5),
	(264, 'fisio', 'Pruebas de función pulmonar', 7),
	(265, 'lab', 'Biopsia ósea', 27),
	(266, 'eval', 'Evaluación física ortopédica completa', 6),
	(267, 'fisio', 'Monitoreo hemodinámico', 15),
	(268, 'lab', 'Gasometría capilar', 4),
	(269, 'fisio', 'Electrocardiograma continuo', 5),
	(272, 'lab', 'Colesterol total', 4),
	(273, 'lab', 'Urea', 4),
	(274, 'lab', 'Creatinina', 4),
	(275, 'lab', 'Ionograma', 4),
	(276, 'lab', 'Ácido úrico', 4),
	(277, 'lab', 'Hepatograma', 4),
	(278, 'lab', 'Eritrosedimentación (VSG)', 4),
	(279, 'lab', 'Proteína C Reactiva (PCR)', 4),
	(280, 'lab', 'Insulinemia', 4),
	(281, 'lab', 'Cortisol plasmático', 4),
	(282, 'lab', 'Calcemia', 4),
	(283, 'lab', 'Fosfatemia', 4),
	(284, 'lab', 'Vitamina D', 4),
	(285, 'lab', 'Perfil hormonal masculino', 35),
	(286, 'lab', 'Hemocultivo', 36),
	(287, 'lab', 'Urocultivo', 36),
	(288, 'lab', 'Coprocultivo', 36),
	(289, 'fisio', 'Prueba ergométrica', 37),
	(290, 'lab', 'Ferritina sérica', 35),
	(291, 'lab', 'Hierro sérico', 38),
	(292, 'lab', 'Capacidad de fijación (CTFH)', 38),
	(293, 'lab', 'Saturación de transferrina', 38),
	(294, 'lab', 'Perfil férrico', 38),
	(295, 'lab', 'Coproparasitológico', 36),
	(296, 'lab', 'Test de sangre oculta en materia fecal', 4),
	(297, 'lab', 'Serología para celiaquía', 39),
	(298, 'lab', 'Grupo sanguíneo', 40),
	(299, 'lab', 'Factor Rh', 40),
	(300, 'lab', 'Bilirrubina neonatal', 38),
	(301, 'lab', 'Exudado nasal', 36),
	(302, 'lab', 'Test rápido de estreptococo', 36),
	(303, 'lab', 'Serología para hepatitis A (HAV)', 39),
	(304, 'lab', 'Serología para hepatitis B (HBV)', 39),
	(305, 'lab', 'Test rápido de VIH', 4),
	(306, 'img', 'Radiografía de miembros', 18),
	(307, 'img', 'Radiografía de cadera', 18),
	(308, 'img', 'Ecografía de cadera (en lactantes)', 30),
	(309, 'img', 'Ecografía transfontanelar (en lactantes)', 30),
	(310, 'img', 'Ecografía testicular', 6),
	(311, 'img', 'Ecografía de partes blandas', 6),
	(312, 'img', 'Ecocardiograma', 41),
	(313, 'fisio', 'Oximetría de pulso', 15),
	(314, 'fisio', 'Audiometría', 9),
	(315, 'fisio', 'Evaluación del crecimiento y percentilos (peso, talla, perímetro cefálico)', 29),
	(316, 'fisio', 'Evaluación nutricional (índice de masa corporal, curvas de crecimiento)', 29),
	(317, 'lab', 'Prueba del talón', 29),
	(318, 'lab', 'Coproantígeno para Giardia o rotavirus', 4),
	(319, 'fisio', 'Test de Mantoux (tuberculina)', 42),
	(320, 'img', 'Radiografía de muñeca para edad ósea', 18),
	(321, 'lab', 'Estudio de alergias (IgE total y específicas)', 11),
	(322, 'lab', 'Prolactina', 35),
	(323, 'lab', 'FSH, LH, Estradiol (control ovárico y fertilidad)', 43),
	(324, 'lab', 'Progesterona', 43),
	(325, 'lab', 'Testosterona total y libre', 43),
	(326, 'lab', 'Test de VPH (Virus del Papiloma Humano)', 4),
	(327, 'lab', 'Exudado vaginal', 4),
	(328, 'lab', 'Exudado endocervical', 4),
	(329, 'lab', 'Serología para sífilis (VDRL, RPR)', 4),
	(330, 'lab', 'Serología para VIH', 4),
	(331, 'lab', 'Toxoplasmosis (IgG, IgM)', 4),
	(332, 'lab', 'Rubéola (IgG, IgM)', 4),
	(333, 'lab', 'Citomegalovirus', 4),
	(334, 'lab', 'Hepatitis A, B, C', 4),
	(335, 'img', 'Ecografía pélvica', 6),
	(336, 'img', 'Ecografía mamaria', 6),
	(337, 'img', 'Mamografía', 44),
	(338, 'img', 'Ecografía obstétrica de primer trimestre', 31),
	(339, 'img', 'Ecografía obstétrica morfológica', 31),
	(340, 'img', 'Ecografía obstétrica de tercer trimestre', 31),
	(341, 'img', 'Ecografía Doppler obstétrica', 31),
	(342, 'img', 'Ecografía de mamas y axilas', 6),
	(343, 'img', 'Histerosalpingografía', 18),
	(344, 'img', 'Histerosonografía', 31),
	(345, 'img', 'Ecografía endometrial', 31),
	(346, 'img', 'Resonancia magnética pélvica', 14),
	(347, 'lab', 'Zinc sérico', 4),
	(348, 'lab', 'ANA (anticuerpos antinucleares)', 4),
	(349, 'lab', 'Complemento C3 y C4', 4),
	(350, 'lab', 'Tinción de KOH', 4),
	(351, 'lab', 'Tinción de Gram', 4),
	(352, 'lab', 'Tinción de Ziehl-Neelsen', 4),
	(353, 'lab', 'Test de Tzanck', 36),
	(354, 'lab', 'PCR para Virus Herpes Simple (HSV-1,HSV2) y Varicela Zóster (VZV)', 25),
	(355, 'lab', 'Serología para sífilis (VDRL, FTA-ABS)', 4),
	(356, 'lab', 'Pruebas cutáneas', 11),
	(357, 'lab', 'Anticuerpos anti-DNA', 4),
	(358, 'lab', 'Anticuerpos anti-ENA', 4),
	(359, 'lab', 'Anticuerpos anti-membrana basal (penfigoide)', 4),
	(360, 'lab', 'Anticuerpos anti-desmogleína (pénfigo)', 4),
	(361, 'lab', 'Biopsia de uña', 33),
	(362, 'lab', 'Biopsia de tejidos o masas', 33),
	(363, 'lab', 'Tiempo de sangría y coagulación', 4),
	(364, 'lab', 'Serología para hepatitis C (HCV)', 39),
	(365, 'img', 'Ecografía hepato-bilio-pancreática', 6),
	(366, 'img', 'TAC de partes blandas', 13),
	(367, 'img', 'Colangioresonancia', 14),
	(368, 'img', 'Tránsito esofagogastroduodenal', 1),
	(369, 'img', 'Enema baritado', 1),
	(370, 'img', 'Urograma excretora', 1),
	(371, 'img', 'Colangiografía percutánea transhepática (CPT)', 1),
	(372, 'eval', 'Citología de líquidos', 45),
	(373, 'eval', 'Histopatológico de pieza quirúrgica', 45),
	(374, 'img', 'Ecografía hepatobiliar', 6),
	(375, 'img', 'TAC de colon', 13),
	(376, 'img', 'TAC de recto', 13),
	(377, 'img', 'Ecografía de hernia inguinal o umbilical', 6),
	(378, 'img', 'TAC de lipoma o quiste sebáceo', 13),
	(379, 'lab', 'Proteínas totales', 38),
	(380, 'lab', 'LDH (lactato deshidrogenasa)', 38),
	(381, 'img', 'TAC de cuello', 13),
	(382, 'img', 'TAC de cerebro', 13),
	(383, 'img', 'Resonancia magnética de mama', 14),
	(384, 'img', 'Resonancia magnética de cerebro', 14),
	(385, 'eval', 'Histeroscopía', 46),
	(386, 'lab', 'CPK (creatinfosfoquinasa)', 38),
	(387, 'img', 'AngioRMN', 14),
	(388, 'img', 'Arteriografía cerebral diagnóstica', 18),
	(389, 'img', 'Arteriografía carotídea', 18),
	(390, 'img', 'Arteriografía coronaria', 18),
	(391, 'img', 'Arteriografía aortoilíaca', 18),
	(392, 'img', 'Arteriografía de miembros inferiores', 18),
	(393, 'img', 'Arteriografía renal', 18),
	(394, 'img', 'Arteriografía pulmonar', 18),
	(395, 'img', 'Flebografía de miembros inferiores', 18),
	(396, 'img', 'Flebografía pélvica', 18),
	(397, 'img', 'Portografía', 18),
	(398, 'img', 'Colangiografía transhepática percutánea', 18),
	(399, 'img', 'Pielografía anterógrada', 18),
	(400, 'img', 'Urografía percutánea', 18),
	(401, 'img', 'Biopsia hepática guiada por ecografía', 13),
	(402, 'img', 'Biopsia pulmonar percutánea guiada por TAC', 13),
	(403, 'img', 'Biopsia ósea guiada por TAC', 13),
	(404, 'img', 'Biopsia renal percutánea', 13),
	(405, 'img', 'Biopsia ganglionar profunda guiada por TAC', 13),
	(406, 'img', 'Drenaje de absceso hepático guiado por ecografía', 6),
	(407, 'lab', 'Plaquetas', 4),
	(408, 'lab', 'Recuento diferencial de glóbulos blancos', 4),
	(409, 'lab', 'Tiempo de protrombina (TP)', 4),
	(410, 'lab', 'Coagulograma', 4),
	(411, 'img', 'Ecografía doppler anexial', 31),
	(412, 'lab', 'Glucemia capilar', 4),
	(413, 'lab', 'Glucemia plasmática', 4),
	(414, 'lab', 'Magnesemia', 38),
	(415, 'lab', 'Bilirrubinas total, directa e indirecta', 38),
	(416, 'lab', 'Transaminasa Glutámico Oxalacética (TGO)', 38),
	(417, 'lab', 'Transaminasa Glutámico Pirúvica (TGP)', 38),
	(418, 'lab', 'Tiempo de Tromboplastina Parcial Activado (TTPA)', 38),
	(419, 'lab', 'Dosaje de lactato', 38),
	(420, 'lab', 'Dosaje de amonio', 38),
	(421, 'lab', 'Dosaje de calcio y fósforo sérico', 38),
	(422, 'lab', 'Coombs directo e indirecto', 40),
	(423, 'lab', 'Dosaje de bilirrubina sérica', 38),
	(424, 'img', 'Ecografía transfontanelar', 6),
	(425, 'img', 'Ecografía de caderas', 6),
	(426, 'fisio', 'Poligrafía cardiorrespiratoria', 42),
	(427, 'lab', 'Glucemia en ayunas', 4),
	(428, 'lab', 'Bilirrubina', 38),
	(429, 'lab', 'Albumina sérica', 38),
	(430, 'lab', 'Chagas (Trypanosoma cruzi)', 39),
	(431, 'lab', 'Elisa para HTLV I/I', 39),
	(432, 'lab', 'Prueba de Papanicolaou con VPH reflex', 46),
	(433, 'lab', 'Test de Torch (toxoplasmosis, rubéola, CMV, herpes)', 46),
	(434, 'img', 'Ecografía de control postparto', 31),
	(435, 'img', 'Ecocardiograma fetal', 6),
	(436, 'lab', 'HDL (colesterol de alta densidad)', 4),
	(437, 'lab', 'LDL (colesterol de baja densidad)', 4),
	(438, 'lab', 'Triglicéridos', 4),
	(439, 'lab', 'Curva de insulina', 38),
	(440, 'lab', 'Examen en fresco', 36),
	(441, 'lab', 'Cultivo para Chlamydia trachomatis y Neisseria gonorrhoeae', 36),
	(442, 'lab', 'Serologías para ITS', 39),
	(443, 'img', 'Mamografía bilateral', 44),
	(444, 'img', 'Ecografía Doppler de anexos uterinos', 31),
	(445, 'lab', 'Medición de pH vaginal', 4),
	(446, 'lab', 'Inmunohistoquímica (IHQ)', 4),
	(447, 'lab', 'DHEA-S (dehidroepiandrosterona sulfato)', 35),
	(448, 'lab', '17-OH progesterona  (17-hidroxiprogesterona)', 35),
	(449, 'lab', 'Glucosa basal', 23),
	(450, 'lab', 'Biotina sérica', 4),
	(451, 'lab', 'Cultivo de lesiones cutáneas o abscesos', 36),
	(452, 'lab', 'Cultivo micológico', 36),
	(453, 'lab', 'Examen directo con KOH', 36),
	(454, 'lab', 'Bacteriología de acné (Cutibacterium acnes)', 36),
	(455, 'img', 'Dermatoscopía digital', 33),
	(456, 'img', 'Ecografía cutánea de alta resolución', 47),
	(457, 'img', 'Fotografía médica estandarizada', 47),
	(458, 'lab', 'Tricoscopía', 47),
	(459, 'lab', 'Sebometría', 47),
	(460, 'lab', 'Corneometría', 47),
	(461, 'fisio', 'Elastometría cutánea', 47),
	(462, 'fisio', 'Medición de pH cutáneo', 47),
	(463, 'lab', 'Antibiograma', 36),
	(464, 'img', 'Ecografía ganglionar regional', 6),
	(465, 'img', 'Linfografía', 18),
	(466, 'lab', 'Troponina I y T', 38),
	(467, 'lab', 'CK total y CK-MB', 38),
	(468, 'lab', 'Péptido natriurético tipo B', 38),
	(469, 'img', 'Ecocardiograma Doppler transtorácico', 6),
	(470, 'img', 'Ecocardiograma transesofágico', 6),
	(471, 'img', 'Ecocardiograma con contraste', 6),
	(472, 'img', 'Ecocardiograma de estrés', 6),
	(473, 'img', 'Tomografía computarizada cardíaca (TC coronaria)', 13),
	(474, 'img', 'Resonancia magnética cardíaca (RMN cardíaca)', 14),
	(475, 'img', 'Angiotomografía de arterias coronarias', 13),
	(476, 'fisio', 'Monitoreo ambulatorio de presión arterial (MAPA)', 37),
	(477, 'fisio', 'Prueba de la caminata de 6 minutos', 37),
	(478, 'fisio', 'Electrofisiológico invasivo (EEF)', 37),
	(479, 'fisio', 'Evaluación de riesgo cardiovascular global', 37),
	(480, 'fisio', 'Cateterismo cardíaco diagnóstico', 37),
	(481, 'lab', 'Dosaje de inmunoglobulinas', 4),
	(482, 'lab', 'Eosinófilos séricos', 4),
	(483, 'lab', 'D-dímero', 4),
	(484, 'lab', 'Test de alfa-1 antitripsina (EPOC precoz)', 38),
	(485, 'lab', 'Serología para Mycoplasma pneumoniae, Legionella, Chlamydia', 39),
	(486, 'lab', 'Examen bacteriológico de esputo', 36),
	(487, 'img', 'Ecografía pleural', 6),
	(488, 'fisio', 'Espirometría con prueba broncodilatadora', 7),
	(489, 'fisio', 'Pletismografía corporal', 7),
	(490, 'fisio', 'Difusión de monóxido de carbono (DLCO)', 7),
	(491, 'fisio', 'Prueba de esfuerzo cardiopulmonar (ergometría respiratoria)', 7),
	(492, 'fisio', 'Medición de picos de flujo espiratorio (peak flow)', 42),
	(493, 'fisio', 'Test de provocación bronquial (metacolina o ejercicio)', 42),
	(494, 'lab', 'Baciloscopía para Mycobacterium tuberculosis', 36),
	(495, 'lab', 'Lavado broncoalveolar (LBA)', 42),
	(496, 'lab', 'Estudio citológico de líquido pleural', 45),
	(497, 'lab', 'Biopsia pulmonar', 42),
	(498, 'lab', 'Broncoscopía con biopsia transbronquia', 42),
	(499, 'lab', 'Toracocentesis diagnóstica', 42),
	(500, 'lab', 'Toracoscopía médica', 42),
	(501, 'lab', 'Tiroglobulina sérica', 35),
	(502, 'lab', 'ACTH (hormona adrenocorticotrópica)', 35),
	(503, 'lab', 'Aldosterona plasmática', 35),
	(504, 'lab', 'Renina plasmática', 35),
	(505, 'lab', 'Test de supresión con dexametasona', 35),
	(506, 'lab', 'GH (hormona del crecimiento)', 43),
	(507, 'lab', 'IGF-1 (factor de crecimiento tipo insulina 1)', 43),
	(508, 'lab', 'C-peptido', 35),
	(509, 'lab', 'AMH (hormona antimülleriana)', 43),
	(510, 'lab', 'SHBG (globulina fijadora de hormonas sexuales)', 43),
	(511, 'lab', 'PTH (parathormona)', 35),
	(512, 'img', 'Ecografía tiroidea', 6),
	(513, 'img', 'TAC hipofisaria', 13),
	(514, 'img', 'TAC suprarrenal', 13),
	(515, 'img', 'Gammagrafía tiroidea', 13),
	(516, 'lab', 'Test de tolerancia a la insulina', 38),
	(517, 'lab', 'Cultivo de oído (otorrea)', 36),
	(518, 'lab', 'Estudio de Sensibilidad Antibiótica (Antibiograma)', 36),
	(519, 'lab', 'Inmunoglobulinas (IgE total y específicas)', 39),
	(520, 'lab', 'Pruebas alérgicas séricas', 39),
	(521, 'lab', 'Serología para Epstein-Barr, citomegalovirus', 39),
	(522, 'img', 'Radiografía de cavum (adenoides)', 18),
	(523, 'img', 'TAC de hueso temporal', 13),
	(524, 'img', 'Resonancia magnética de oído interno', 14),
	(525, 'img', 'Ecografía cervical', 6),
	(526, 'eval', 'Audiometría verbal', 9),
	(527, 'eval', 'Prueba de Rinne y Weber', 9),
	(528, 'lab', 'Estudio micológico de oído', 36),
	(529, 'lab', 'Creatinina sérica', 4),
	(530, 'lab', 'PSA Total y Libre (Antígeno Prostático Específico)', 23),
	(531, 'lab', 'Fosfatasa Ácida Prostática (PAP)', 4),
	(532, 'lab', 'Cortisol urinario en 24 horas', 35),
	(533, 'lab', 'Proteinuria en orina de 24 horas', 24),
	(534, 'lab', 'Microalbuminuria', 4),
	(535, 'lab', 'Calcio y fósforo en orina de 24 horas (litiasis renal)', 24),
	(536, 'img', 'Ecografía prostática transrectal', 6),
	(537, 'img', 'Resonancia magnética prostática multiparamétrica', 14),
	(538, 'img', 'Cistografía retrógrada', 18),
	(539, 'img', 'Uretrocistografía miccional', 18),
	(540, 'img', 'Uro-TAC (Urotomografía computarizada)', 13),
	(541, 'lab', 'Anti-Sm (Smith)', 39),
	(542, 'lab', 'Anti-Ro (SSA) y Anti-La (SSB)', 39),
	(543, 'lab', 'Anti-RNP', 39),
	(544, 'lab', 'Anti-Scl-70 (Topoisomerasa I)', 39),
	(545, 'lab', 'Anti-centromero', 39),
	(546, 'lab', 'Anti-Jo1 (miopatías inflamatorias)', 39),
	(547, 'lab', 'ANCA (anticuerpos anticitoplasma de neutrófilo)', 39),
	(548, 'lab', 'FR (factor reumatoideo)', 39),
	(549, 'lab', 'Anti-CCP (anticuerpos antipéptido citrulinado cíclico', 39),
	(550, 'lab', 'Crioglobulinas séricas', 39),
	(551, 'lab', 'Anticuerpos antifosfolípidos (aPL)', 39),
	(552, 'img', 'Radiografía de pies', 1),
	(553, 'img', 'Radiografía de manos', 1),
	(554, 'img', 'Radiografía de rodillas', 1),
	(555, 'img', 'Ecografía articular con Doppler', 6),
	(556, 'lab', 'Fosfatasa Alcalina (FA)', 4),
	(557, 'lab', 'Gamma-glutamiltransferasa (GGT)', 4),
	(558, 'lab', 'Amilasa y lipasa sérica', 38),
	(559, 'lab', 'Vitamina B12 y ácido fólico', 38),
	(560, 'lab', 'Ecografía hepática y biliar', 6),
	(561, 'lab', 'Ácido láctico y pirúvico', 38),
	(562, 'lab', 'Anticuerpos anti-acetilcolina (Miastenia Gravis)', 39),
	(563, 'lab', 'Anticuerpos anti-MuSK', 39),
	(564, 'lab', 'Anticuerpos anti-NMDA', 39),
	(565, 'lab', 'Anticuerpos anti-AMPA', 39),
	(566, 'lab', 'Anticuerpos anti-GABA', 39),
	(567, 'lab', 'Anticuerpos anti-MOG', 39),
	(568, 'lab', 'Anticuerpos anti-AQP4', 39),
	(569, 'lab', 'Anticuerpos anti-GQ1b', 39),
	(570, 'lab', 'Anticuerpos anti-GM1', 39),
	(571, 'img', 'Resonancia magnética de encéfalo', 14),
	(572, 'img', 'Resonancia magnética de médula espinal', 14),
	(573, 'fisio', 'EEG con privación de sueño', 17),
	(574, 'fisio', 'Potenciales evocados auditivos (PEA)', 17),
	(575, 'fisio', 'Potenciales evocados somatosensoriales (PESS)', 17),
	(576, 'fisio', 'Potenciales evocados motores (PEM)', 17),
	(577, 'eval', 'Escala de Rankin modificada (AVC)', 48),
	(578, 'eval', 'Escala NIHSS (déficit neurológico)', 48),
	(579, 'fisio', 'Escala UPDRS (Parkinson)', 48),
	(580, 'eval', 'Evaluación de marcha y coordinación (ataxias)', 48),
	(581, 'eval', 'Prueba de Tensilón (miastenia)', 48),
	(582, 'eval', 'Evaluación del sueño (polisomnografía)', 42),
	(583, 'eval', 'Test de latencias múltiples del sueño (narcolepsia)', 42),
	(584, 'lab', 'Biopsia cerebral', 45),
	(585, 'lab', 'Estudio genético (epilepsias, distrofias, ataxias hereditarias)', 4),
	(586, 'img', 'Doppler transcraneal', 48),
	(587, 'img', 'EEG cuantitativo', 48),
	(588, 'lab', 'Perfil hepático', 38),
	(589, 'img', 'Tomografía de alta resolución', 13),
	(590, 'img', 'Escanograma torácico', 13),
	(591, 'fisio', 'Capacidad vital forzada (CVF)', 42),
	(592, 'fisio', 'Volumen espiratorio forzado en el primer segundo (VEF1)', 42),
	(593, 'fisio', 'Oximetría basal y post-esfuerzo', 42),
	(594, 'fisio', 'Test cardiopulmonar de ejercicio', 7),
	(595, 'eval', 'Broncoscopía flexible (fibrobroncoscopía)', 42),
	(596, 'eval', 'Broncoscopía rígida', 42),
	(597, 'fisio', 'Mediastinoscopía diagnóstica', 42),
	(598, 'eval', 'Toracoscopía (VATS) diagnóstica', 42),
	(599, 'eval', 'Drenaje pleural', 42),
	(600, 'eval', 'Pleuroscopía', 42),
	(601, 'img', 'TAC facial', 13),
	(602, 'img', 'TAC corporal', 13),
	(603, 'img', 'Radiografía panorámica de miembros inferiores (alineación ósea)', 18),
	(604, 'img', 'Radiografía con carga', 18),
	(605, 'img', 'Resonancia magnética de columna', 14);

-- Volcando estructura para tabla hospitalbd.hospital_personal_estudiosdiagnosticos_especialidad
CREATE TABLE IF NOT EXISTS `hospital_personal_estudiosdiagnosticos_especialidad` (
  `id` bigint NOT NULL AUTO_INCREMENT,
  `estudiosdiagnosticos_id` bigint NOT NULL,
  `especialidades_id` bigint NOT NULL,
  PRIMARY KEY (`id`),
  UNIQUE KEY `hospital_personal_estudi_estudiosdiagnosticos_id__d4a7f301_uniq` (`estudiosdiagnosticos_id`,`especialidades_id`),
  KEY `hospital_personal_es_especialidades_id_0463ad23_fk_hospital_` (`especialidades_id`),
  CONSTRAINT `hospital_personal_es_especialidades_id_0463ad23_fk_hospital_` FOREIGN KEY (`especialidades_id`) REFERENCES `hospital_personal_especialidades` (`id`),
  CONSTRAINT `hospital_personal_es_estudiosdiagnosticos_932bff6f_fk_hospital_` FOREIGN KEY (`estudiosdiagnosticos_id`) REFERENCES `hospital_personal_estudiosdiagnosticos` (`id`)
) ENGINE=InnoDB AUTO_INCREMENT=1181 DEFAULT CHARSET=utf8mb4 COLLATE=utf8mb4_general_ci;

-- Volcando datos para la tabla hospitalbd.hospital_personal_estudiosdiagnosticos_especialidad: ~1.162 rows (aproximadamente)
INSERT INTO `hospital_personal_estudiosdiagnosticos_especialidad` (`id`, `estudiosdiagnosticos_id`, `especialidades_id`) VALUES
	(1, 1, 1),
	(32, 1, 3),
	(86, 1, 4),
	(218, 1, 7),
	(271, 1, 8),
	(2, 1, 10),
	(370, 1, 15),
	(413, 1, 16),
	(456, 1, 17),
	(624, 1, 21),
	(645, 1, 24),
	(673, 1, 25),
	(929, 1, 33),
	(977, 1, 34),
	(1052, 1, 37),
	(3, 2, 1),
	(33, 2, 3),
	(87, 2, 4),
	(457, 2, 17),
	(49, 3, 1),
	(50, 3, 3),
	(226, 3, 7),
	(818, 3, 30),
	(254, 4, 7),
	(728, 5, 26),
	(229, 8, 7),
	(320, 8, 9),
	(409, 8, 16),
	(674, 8, 25),
	(930, 8, 33),
	(1056, 8, 37),
	(891, 9, 32),
	(1055, 10, 37),
	(225, 11, 7),
	(817, 11, 30),
	(1015, 11, 35),
	(1063, 14, 25),
	(228, 15, 7),
	(277, 15, 8),
	(549, 15, 19),
	(853, 15, 31),
	(1064, 16, 1),
	(1065, 16, 2),
	(1067, 16, 15),
	(1066, 16, 30),
	(780, 19, 29),
	(1069, 23, 1),
	(1070, 23, 4),
	(1071, 23, 27),
	(1072, 23, 28),
	(1068, 23, 32),
	(1073, 24, 4),
	(1074, 25, 4),
	(783, 27, 29),
	(461, 29, 17),
	(675, 30, 25),
	(227, 31, 7),
	(1079, 31, 8),
	(321, 31, 9),
	(1081, 31, 15),
	(1080, 31, 16),
	(782, 31, 29),
	(852, 31, 31),
	(932, 31, 33),
	(1057, 31, 37),
	(7, 33, 3),
	(45, 33, 4),
	(109, 33, 5),
	(161, 33, 6),
	(199, 33, 7),
	(255, 33, 8),
	(301, 33, 9),
	(345, 33, 12),
	(356, 33, 15),
	(387, 33, 16),
	(419, 33, 17),
	(471, 33, 18),
	(515, 33, 19),
	(559, 33, 20),
	(602, 33, 21),
	(662, 33, 25),
	(743, 33, 28),
	(790, 33, 30),
	(862, 33, 32),
	(916, 33, 33),
	(959, 33, 34),
	(992, 33, 35),
	(1030, 33, 37),
	(16, 34, 3),
	(61, 34, 4),
	(215, 34, 7),
	(484, 34, 18),
	(528, 34, 19),
	(735, 34, 26),
	(762, 34, 29),
	(10, 35, 3),
	(113, 35, 5),
	(308, 35, 9),
	(564, 35, 20),
	(633, 35, 24),
	(717, 35, 26),
	(738, 35, 27),
	(868, 35, 32),
	(927, 35, 33),
	(1040, 35, 37),
	(8, 36, 3),
	(51, 36, 4),
	(111, 36, 5),
	(162, 36, 6),
	(200, 36, 7),
	(256, 36, 8),
	(302, 36, 9),
	(350, 36, 12),
	(363, 36, 15),
	(390, 36, 16),
	(516, 36, 19),
	(560, 36, 20),
	(603, 36, 21),
	(838, 36, 31),
	(863, 36, 32),
	(921, 36, 33),
	(960, 36, 34),
	(993, 36, 35),
	(1031, 36, 37),
	(298, 37, 8),
	(384, 37, 15),
	(417, 37, 16),
	(975, 37, 34),
	(1003, 37, 35),
	(1035, 37, 37),
	(299, 38, 8),
	(383, 38, 15),
	(416, 38, 16),
	(976, 38, 34),
	(1043, 38, 37),
	(386, 41, 15),
	(630, 42, 21),
	(146, 50, 5),
	(404, 50, 16),
	(506, 50, 18),
	(541, 50, 19),
	(530, 53, 19),
	(44, 56, 3),
	(129, 56, 5),
	(499, 56, 18),
	(539, 56, 19),
	(159, 57, 5),
	(551, 57, 19),
	(400, 58, 16),
	(552, 58, 19),
	(216, 59, 7),
	(194, 60, 6),
	(195, 61, 6),
	(631, 62, 20),
	(632, 62, 21),
	(593, 63, 20),
	(196, 64, 6),
	(323, 64, 9),
	(626, 64, 21),
	(178, 65, 6),
	(614, 65, 21),
	(179, 66, 6),
	(654, 71, 24),
	(38, 73, 3),
	(468, 73, 17),
	(40, 79, 3),
	(98, 79, 4),
	(219, 79, 7),
	(295, 79, 8),
	(382, 79, 15),
	(415, 79, 16),
	(679, 79, 25),
	(939, 79, 33),
	(41, 80, 3),
	(947, 81, 33),
	(945, 83, 33),
	(1161, 88, 15),
	(1159, 88, 25),
	(1160, 88, 33),
	(69, 89, 4),
	(167, 89, 6),
	(369, 89, 15),
	(529, 89, 19),
	(19, 90, 3),
	(70, 90, 4),
	(118, 90, 5),
	(398, 90, 16),
	(574, 90, 20),
	(642, 90, 24),
	(696, 90, 26),
	(869, 90, 32),
	(1050, 90, 37),
	(21, 91, 3),
	(71, 91, 4),
	(120, 91, 5),
	(399, 91, 16),
	(575, 91, 20),
	(643, 91, 24),
	(697, 91, 26),
	(870, 91, 32),
	(1051, 91, 37),
	(20, 92, 3),
	(119, 92, 5),
	(698, 92, 26),
	(699, 93, 26),
	(110, 94, 5),
	(476, 95, 18),
	(716, 95, 26),
	(532, 96, 19),
	(583, 96, 20),
	(713, 96, 26),
	(22, 97, 3),
	(128, 97, 5),
	(177, 97, 6),
	(309, 97, 9),
	(420, 97, 17),
	(570, 97, 20),
	(635, 97, 24),
	(715, 97, 26),
	(737, 97, 27),
	(757, 108, 28),
	(101, 109, 4),
	(1025, 112, 35),
	(79, 115, 4),
	(501, 115, 18),
	(745, 115, 28),
	(676, 117, 25),
	(753, 117, 28),
	(36, 119, 3),
	(91, 119, 4),
	(463, 119, 17),
	(777, 119, 29),
	(288, 121, 8),
	(789, 121, 29),
	(1075, 125, 1),
	(1076, 125, 4),
	(1078, 125, 15),
	(1077, 125, 29),
	(175, 127, 6),
	(828, 129, 30),
	(1027, 129, 35),
	(823, 131, 30),
	(1019, 131, 35),
	(1102, 132, 4),
	(1104, 132, 15),
	(1103, 132, 30),
	(43, 133, 3),
	(418, 133, 16),
	(550, 133, 19),
	(731, 133, 26),
	(825, 133, 30),
	(1021, 133, 35),
	(251, 136, 7),
	(287, 136, 8),
	(858, 136, 31),
	(42, 137, 3),
	(250, 137, 7),
	(286, 137, 8),
	(859, 137, 31),
	(35, 138, 3),
	(90, 138, 4),
	(222, 138, 7),
	(272, 138, 8),
	(371, 138, 15),
	(1153, 138, 16),
	(1154, 138, 17),
	(727, 138, 26),
	(850, 138, 31),
	(1053, 138, 37),
	(848, 140, 31),
	(231, 142, 7),
	(280, 142, 8),
	(378, 142, 15),
	(411, 142, 16),
	(854, 142, 31),
	(1164, 143, 15),
	(1162, 143, 26),
	(1163, 143, 31),
	(860, 144, 31),
	(896, 145, 32),
	(900, 146, 32),
	(376, 147, 15),
	(890, 147, 32),
	(982, 147, 34),
	(322, 148, 9),
	(377, 148, 15),
	(899, 149, 32),
	(1024, 149, 35),
	(898, 150, 32),
	(1023, 150, 35),
	(293, 153, 8),
	(1168, 155, 7),
	(1166, 155, 15),
	(1167, 155, 29),
	(1165, 155, 31),
	(1105, 156, 2),
	(1106, 156, 5),
	(1107, 156, 9),
	(1108, 156, 11),
	(1109, 156, 19),
	(1110, 156, 28),
	(1111, 156, 29),
	(928, 157, 33),
	(1171, 162, 7),
	(1169, 162, 8),
	(1170, 162, 9),
	(1082, 164, 7),
	(1083, 164, 12),
	(1084, 164, 15),
	(1085, 164, 16),
	(1086, 164, 28),
	(1087, 164, 29),
	(1175, 165, 7),
	(1173, 165, 15),
	(1172, 165, 16),
	(1174, 165, 29),
	(412, 166, 16),
	(733, 166, 26),
	(826, 166, 30),
	(934, 166, 33),
	(1022, 166, 35),
	(1112, 167, 3),
	(1113, 167, 7),
	(1114, 167, 15),
	(1115, 167, 16),
	(1116, 167, 31),
	(867, 170, 32),
	(236, 171, 7),
	(318, 171, 9),
	(986, 171, 34),
	(237, 172, 7),
	(985, 172, 34),
	(894, 173, 32),
	(895, 174, 32),
	(1118, 175, 1),
	(1119, 175, 4),
	(1120, 175, 9),
	(1121, 175, 15),
	(1122, 175, 24),
	(1117, 175, 32),
	(205, 176, 7),
	(261, 176, 8),
	(346, 176, 12),
	(1088, 178, 1),
	(1090, 178, 15),
	(1089, 178, 30),
	(1176, 179, 9),
	(1177, 179, 30),
	(1124, 180, 9),
	(1125, 180, 15),
	(1126, 180, 24),
	(1127, 180, 25),
	(1123, 180, 32),
	(275, 181, 8),
	(374, 181, 15),
	(678, 182, 25),
	(933, 182, 33),
	(289, 183, 8),
	(692, 183, 25),
	(1128, 185, 1),
	(1129, 185, 4),
	(1130, 185, 11),
	(1131, 185, 15),
	(1132, 185, 25),
	(1091, 187, 1),
	(1093, 187, 4),
	(1094, 187, 15),
	(1095, 187, 25),
	(1092, 187, 33),
	(245, 188, 7),
	(300, 188, 8),
	(953, 189, 33),
	(1133, 192, 3),
	(1134, 192, 4),
	(1135, 192, 6),
	(1136, 192, 7),
	(1137, 192, 15),
	(1138, 192, 30),
	(470, 193, 17),
	(990, 193, 34),
	(1099, 196, 7),
	(1097, 196, 15),
	(1098, 196, 28),
	(1096, 196, 33),
	(1180, 197, 7),
	(1179, 197, 15),
	(1178, 197, 34),
	(1139, 198, 8),
	(1140, 198, 9),
	(1142, 198, 12),
	(1141, 198, 34),
	(827, 199, 30),
	(1100, 200, 1),
	(1101, 200, 34),
	(824, 201, 30),
	(1018, 201, 35),
	(1026, 205, 35),
	(432, 208, 17),
	(665, 208, 25),
	(922, 208, 33),
	(1041, 208, 37),
	(911, 213, 32),
	(220, 214, 7),
	(296, 214, 8),
	(324, 214, 9),
	(628, 214, 21),
	(957, 214, 33),
	(989, 214, 34),
	(1028, 214, 35),
	(403, 215, 16),
	(1146, 216, 11),
	(1145, 216, 32),
	(948, 225, 33),
	(1147, 227, 24),
	(1148, 227, 32),
	(464, 228, 17),
	(37, 232, 3),
	(97, 232, 4),
	(160, 232, 5),
	(217, 232, 7),
	(294, 232, 8),
	(467, 232, 17),
	(513, 232, 18),
	(613, 232, 21),
	(653, 232, 24),
	(978, 232, 34),
	(829, 233, 30),
	(1029, 233, 35),
	(1060, 233, 37),
	(246, 235, 7),
	(297, 235, 8),
	(325, 235, 9),
	(861, 235, 31),
	(988, 235, 34),
	(568, 236, 20),
	(607, 236, 21),
	(1150, 237, 3),
	(1151, 237, 5),
	(1152, 237, 7),
	(1149, 237, 29),
	(34, 238, 3),
	(751, 239, 28),
	(440, 241, 17),
	(1157, 255, 6),
	(1156, 255, 9),
	(1158, 255, 15),
	(987, 259, 34),
	(1020, 261, 35),
	(433, 268, 17),
	(9, 272, 3),
	(52, 272, 4),
	(166, 272, 6),
	(517, 272, 19),
	(839, 272, 31),
	(972, 272, 34),
	(11, 273, 3),
	(53, 273, 4),
	(114, 273, 5),
	(163, 273, 6),
	(201, 273, 7),
	(257, 273, 8),
	(303, 273, 9),
	(348, 273, 12),
	(359, 273, 15),
	(391, 273, 16),
	(430, 273, 17),
	(477, 273, 18),
	(521, 273, 19),
	(561, 273, 20),
	(604, 273, 21),
	(641, 273, 24),
	(766, 273, 29),
	(811, 273, 30),
	(864, 273, 32),
	(918, 273, 33),
	(961, 273, 34),
	(994, 273, 35),
	(1032, 273, 37),
	(12, 274, 3),
	(54, 274, 4),
	(115, 274, 5),
	(164, 274, 6),
	(202, 274, 7),
	(258, 274, 8),
	(304, 274, 9),
	(349, 274, 12),
	(360, 274, 15),
	(392, 274, 16),
	(431, 274, 17),
	(478, 274, 18),
	(522, 274, 19),
	(562, 274, 20),
	(605, 274, 21),
	(640, 274, 24),
	(810, 274, 30),
	(865, 274, 32),
	(919, 274, 33),
	(962, 274, 34),
	(995, 274, 35),
	(1033, 274, 37),
	(13, 275, 3),
	(55, 275, 4),
	(116, 275, 5),
	(203, 275, 7),
	(259, 275, 8),
	(305, 275, 9),
	(361, 275, 15),
	(393, 275, 16),
	(429, 275, 17),
	(482, 275, 18),
	(523, 275, 19),
	(563, 275, 20),
	(606, 275, 21),
	(639, 275, 24),
	(666, 275, 25),
	(767, 275, 29),
	(866, 275, 32),
	(920, 275, 33),
	(963, 275, 34),
	(996, 275, 35),
	(1034, 275, 37),
	(14, 276, 3),
	(368, 276, 15),
	(486, 276, 18),
	(768, 276, 29),
	(805, 276, 30),
	(1014, 276, 35),
	(15, 277, 3),
	(117, 277, 5),
	(165, 277, 6),
	(204, 277, 7),
	(260, 277, 8),
	(306, 277, 9),
	(362, 277, 15),
	(394, 277, 16),
	(565, 277, 20),
	(609, 277, 21),
	(17, 278, 3),
	(60, 278, 4),
	(173, 278, 6),
	(214, 278, 7),
	(265, 278, 8),
	(311, 278, 9),
	(428, 278, 17),
	(527, 278, 19),
	(664, 278, 25),
	(744, 278, 28),
	(791, 278, 30),
	(925, 278, 33),
	(1001, 278, 35),
	(18, 279, 3),
	(59, 279, 4),
	(172, 279, 6),
	(213, 279, 7),
	(264, 279, 8),
	(310, 279, 9),
	(427, 279, 17),
	(483, 279, 18),
	(526, 279, 19),
	(569, 279, 20),
	(610, 279, 21),
	(663, 279, 25),
	(792, 279, 30),
	(924, 279, 33),
	(1000, 279, 35),
	(1038, 279, 37),
	(23, 280, 3),
	(24, 281, 3),
	(125, 281, 5),
	(531, 281, 19),
	(582, 281, 20),
	(701, 281, 26),
	(25, 282, 3),
	(56, 282, 4),
	(127, 282, 5),
	(423, 282, 17),
	(722, 282, 26),
	(806, 282, 30),
	(1009, 282, 35),
	(1044, 282, 37),
	(26, 283, 3),
	(57, 283, 4),
	(424, 283, 17),
	(723, 283, 26),
	(807, 283, 30),
	(1010, 283, 35),
	(1045, 283, 37),
	(27, 284, 3),
	(58, 284, 4),
	(126, 284, 5),
	(171, 284, 6),
	(586, 284, 20),
	(724, 284, 26),
	(809, 284, 30),
	(1012, 284, 35),
	(1047, 284, 37),
	(28, 285, 3),
	(29, 286, 3),
	(78, 286, 4),
	(239, 286, 7),
	(446, 286, 17),
	(1007, 286, 35),
	(30, 287, 3),
	(76, 287, 4),
	(137, 287, 5),
	(241, 287, 7),
	(447, 287, 17),
	(485, 287, 18),
	(763, 287, 29),
	(31, 288, 3),
	(77, 288, 4),
	(138, 288, 5),
	(240, 288, 7),
	(448, 288, 17),
	(500, 288, 18),
	(39, 289, 3),
	(656, 289, 24),
	(62, 290, 4),
	(145, 290, 5),
	(169, 290, 6),
	(367, 290, 15),
	(488, 290, 18),
	(585, 290, 20),
	(793, 290, 30),
	(845, 290, 31),
	(1048, 290, 37),
	(63, 291, 4),
	(168, 291, 6),
	(844, 291, 31),
	(1049, 291, 37),
	(64, 292, 4),
	(65, 293, 4),
	(66, 294, 4),
	(67, 295, 4),
	(849, 295, 31),
	(68, 296, 4),
	(847, 296, 31),
	(72, 297, 4),
	(73, 298, 4),
	(143, 298, 5),
	(207, 298, 7),
	(266, 298, 8),
	(313, 298, 9),
	(351, 298, 12),
	(442, 298, 17),
	(472, 298, 18),
	(611, 298, 21),
	(923, 298, 33),
	(965, 298, 34),
	(998, 298, 35),
	(74, 299, 4),
	(144, 299, 5),
	(208, 299, 7),
	(267, 299, 8),
	(314, 299, 9),
	(352, 299, 12),
	(443, 299, 17),
	(473, 299, 18),
	(612, 299, 21),
	(966, 299, 34),
	(999, 299, 35),
	(75, 300, 4),
	(80, 301, 4),
	(502, 301, 18),
	(760, 301, 28),
	(81, 302, 4),
	(503, 302, 18),
	(82, 303, 4),
	(135, 303, 5),
	(83, 304, 4),
	(136, 304, 5),
	(210, 304, 7),
	(268, 304, 8),
	(315, 304, 9),
	(353, 304, 12),
	(452, 304, 17),
	(491, 304, 18),
	(571, 304, 20),
	(885, 304, 32),
	(968, 304, 34),
	(1004, 304, 35),
	(84, 305, 3),
	(85, 305, 4),
	(449, 305, 17),
	(88, 306, 4),
	(89, 307, 4),
	(92, 308, 4),
	(93, 309, 4),
	(94, 310, 4),
	(462, 310, 17),
	(779, 310, 29),
	(95, 311, 4),
	(193, 311, 6),
	(224, 311, 7),
	(274, 311, 8),
	(621, 311, 21),
	(981, 311, 34),
	(1054, 311, 37),
	(96, 312, 4),
	(381, 312, 15),
	(414, 312, 16),
	(936, 312, 33),
	(99, 313, 4),
	(221, 313, 7),
	(385, 313, 15),
	(466, 313, 17),
	(629, 313, 21),
	(659, 313, 24),
	(683, 313, 25),
	(1059, 313, 37),
	(100, 314, 4),
	(102, 315, 4),
	(103, 316, 4),
	(104, 317, 4),
	(455, 317, 17),
	(105, 318, 4),
	(106, 319, 4),
	(107, 320, 4),
	(108, 321, 4),
	(187, 321, 6),
	(121, 322, 5),
	(580, 322, 20),
	(708, 322, 26),
	(122, 323, 5),
	(576, 323, 20),
	(709, 323, 26),
	(123, 324, 5),
	(577, 324, 20),
	(719, 324, 26),
	(124, 325, 5),
	(578, 325, 20),
	(718, 325, 26),
	(772, 325, 29),
	(130, 326, 5),
	(554, 326, 18),
	(538, 326, 19),
	(131, 327, 5),
	(497, 327, 18),
	(534, 327, 19),
	(132, 328, 5),
	(498, 328, 18),
	(535, 328, 19),
	(133, 329, 5),
	(212, 329, 7),
	(450, 329, 17),
	(489, 329, 18),
	(573, 329, 20),
	(887, 329, 32),
	(134, 330, 5),
	(186, 330, 6),
	(209, 330, 7),
	(269, 330, 8),
	(316, 330, 9),
	(355, 330, 12),
	(490, 330, 18),
	(572, 330, 20),
	(742, 330, 27),
	(888, 330, 32),
	(967, 330, 34),
	(1005, 330, 35),
	(139, 331, 5),
	(453, 331, 17),
	(492, 331, 18),
	(740, 331, 27),
	(140, 332, 5),
	(454, 332, 17),
	(493, 332, 18),
	(141, 333, 5),
	(494, 333, 17),
	(142, 334, 5),
	(147, 335, 5),
	(273, 335, 8),
	(373, 335, 15),
	(405, 335, 16),
	(542, 335, 19),
	(148, 336, 5),
	(285, 336, 8),
	(372, 336, 15),
	(511, 336, 18),
	(543, 336, 19),
	(979, 336, 34),
	(149, 337, 5),
	(284, 337, 8),
	(980, 337, 34),
	(150, 338, 5),
	(507, 338, 18),
	(151, 339, 5),
	(508, 339, 18),
	(152, 340, 5),
	(509, 340, 18),
	(153, 341, 5),
	(510, 341, 18),
	(154, 342, 5),
	(155, 343, 5),
	(546, 343, 19),
	(156, 344, 5),
	(547, 344, 19),
	(157, 345, 5),
	(158, 346, 5),
	(281, 346, 8),
	(379, 346, 15),
	(410, 346, 16),
	(548, 346, 19),
	(170, 347, 6),
	(587, 347, 20),
	(174, 348, 6),
	(739, 348, 27),
	(794, 348, 30),
	(880, 348, 32),
	(176, 349, 6),
	(813, 349, 30),
	(180, 350, 6),
	(181, 351, 6),
	(616, 351, 21),
	(182, 352, 6),
	(617, 352, 21),
	(183, 353, 6),
	(184, 354, 6),
	(618, 354, 21),
	(889, 354, 32),
	(185, 355, 6),
	(741, 355, 27),
	(970, 355, 34),
	(188, 356, 6),
	(189, 357, 6),
	(795, 357, 30),
	(190, 358, 6),
	(881, 358, 32),
	(191, 359, 6),
	(192, 360, 6),
	(197, 361, 6),
	(198, 362, 6),
	(242, 362, 7),
	(206, 363, 7),
	(307, 363, 9),
	(608, 363, 21),
	(211, 364, 7),
	(270, 364, 8),
	(317, 364, 9),
	(354, 364, 12),
	(451, 364, 17),
	(886, 364, 32),
	(969, 364, 34),
	(1006, 364, 35),
	(223, 365, 7),
	(230, 366, 7),
	(623, 366, 21),
	(232, 367, 7),
	(291, 367, 8),
	(855, 367, 31),
	(233, 368, 7),
	(292, 368, 8),
	(856, 368, 31),
	(234, 369, 7),
	(857, 369, 31),
	(235, 370, 7),
	(781, 370, 29),
	(238, 371, 7),
	(243, 372, 7),
	(401, 372, 16),
	(557, 372, 19),
	(244, 373, 7),
	(402, 373, 16),
	(991, 373, 34),
	(247, 374, 7),
	(248, 375, 7),
	(249, 376, 7),
	(252, 377, 7),
	(253, 378, 7),
	(262, 379, 8),
	(365, 379, 15),
	(396, 379, 16),
	(566, 379, 20),
	(833, 379, 31),
	(971, 379, 34),
	(1037, 379, 37),
	(263, 380, 8),
	(364, 380, 15),
	(395, 380, 16),
	(1042, 380, 37),
	(278, 381, 8),
	(931, 381, 33),
	(279, 382, 8),
	(282, 383, 8),
	(283, 384, 8),
	(465, 384, 17),
	(290, 385, 8),
	(553, 385, 19),
	(312, 386, 9),
	(974, 386, 34),
	(1002, 386, 35),
	(319, 387, 9),
	(326, 388, 12),
	(327, 389, 12),
	(328, 390, 12),
	(329, 391, 12),
	(330, 392, 12),
	(331, 393, 12),
	(332, 394, 12),
	(333, 395, 12),
	(334, 396, 12),
	(335, 397, 12),
	(336, 398, 12),
	(337, 399, 12),
	(338, 400, 12),
	(339, 401, 12),
	(340, 402, 12),
	(341, 403, 12),
	(342, 404, 12),
	(788, 404, 29),
	(343, 405, 12),
	(344, 406, 12),
	(347, 407, 12),
	(358, 407, 15),
	(389, 407, 16),
	(357, 408, 15),
	(388, 408, 16),
	(366, 409, 15),
	(436, 409, 17),
	(835, 409, 31),
	(397, 410, 16),
	(644, 410, 24),
	(917, 410, 33),
	(964, 410, 34),
	(997, 410, 35),
	(1039, 410, 37),
	(407, 411, 16),
	(421, 412, 17),
	(422, 413, 17),
	(425, 414, 17),
	(1046, 414, 37),
	(426, 415, 17),
	(832, 415, 31),
	(434, 416, 17),
	(479, 416, 18),
	(524, 416, 19),
	(830, 416, 31),
	(435, 417, 17),
	(480, 417, 18),
	(525, 417, 19),
	(831, 417, 31),
	(437, 418, 17),
	(438, 419, 17),
	(439, 420, 17),
	(441, 421, 17),
	(444, 422, 17),
	(474, 422, 18),
	(814, 422, 30),
	(445, 423, 17),
	(458, 424, 17),
	(460, 425, 17),
	(469, 426, 17),
	(475, 427, 18),
	(634, 427, 24),
	(712, 427, 26),
	(736, 427, 27),
	(769, 427, 29),
	(481, 428, 18),
	(487, 429, 18),
	(567, 429, 20),
	(834, 429, 31),
	(1036, 429, 37),
	(495, 430, 18),
	(496, 431, 18),
	(555, 432, 19),
	(505, 433, 18),
	(512, 434, 18),
	(514, 435, 18),
	(518, 436, 19),
	(840, 436, 31),
	(519, 437, 19),
	(841, 437, 31),
	(520, 438, 19),
	(842, 438, 31),
	(973, 438, 34),
	(533, 439, 19),
	(536, 440, 19),
	(537, 441, 19),
	(540, 442, 19),
	(544, 443, 19),
	(545, 444, 19),
	(556, 445, 19),
	(558, 446, 19),
	(627, 446, 21),
	(579, 447, 20),
	(707, 447, 26),
	(581, 448, 20),
	(706, 448, 26),
	(584, 449, 20),
	(588, 450, 20),
	(589, 451, 20),
	(590, 452, 20),
	(591, 453, 20),
	(615, 453, 21),
	(592, 454, 20),
	(594, 455, 20),
	(595, 456, 20),
	(620, 456, 21),
	(596, 457, 20),
	(597, 458, 20),
	(598, 459, 20),
	(599, 460, 20),
	(600, 461, 20),
	(601, 462, 20),
	(619, 463, 21),
	(764, 463, 29),
	(1008, 463, 35),
	(622, 464, 21),
	(625, 465, 21),
	(636, 466, 24),
	(637, 467, 24),
	(638, 468, 24),
	(646, 469, 24),
	(647, 470, 24),
	(648, 471, 24),
	(649, 472, 24),
	(650, 473, 24),
	(651, 474, 24),
	(652, 475, 24),
	(655, 476, 24),
	(657, 477, 24),
	(684, 477, 25),
	(943, 477, 33),
	(658, 478, 24),
	(660, 479, 24),
	(661, 480, 24),
	(667, 481, 25),
	(668, 482, 25),
	(669, 483, 25),
	(670, 484, 25),
	(671, 485, 25),
	(672, 486, 25),
	(677, 487, 25),
	(935, 487, 33),
	(680, 488, 25),
	(681, 489, 25),
	(682, 490, 25),
	(942, 490, 33),
	(685, 491, 25),
	(958, 491, 33),
	(686, 492, 25),
	(687, 493, 25),
	(688, 494, 25),
	(689, 495, 25),
	(954, 495, 33),
	(690, 496, 25),
	(691, 497, 25),
	(693, 498, 25),
	(694, 499, 25),
	(695, 500, 25),
	(700, 501, 26),
	(702, 502, 26),
	(703, 503, 26),
	(704, 504, 26),
	(705, 505, 26),
	(710, 506, 26),
	(711, 507, 26),
	(714, 508, 26),
	(720, 509, 26),
	(721, 510, 26),
	(725, 511, 26),
	(808, 511, 30),
	(1013, 511, 35),
	(726, 512, 26),
	(729, 513, 26),
	(730, 514, 26),
	(732, 515, 26),
	(734, 516, 26),
	(746, 517, 28),
	(747, 518, 28),
	(748, 519, 28),
	(749, 520, 28),
	(750, 521, 28),
	(752, 522, 28),
	(754, 523, 28),
	(755, 524, 28),
	(756, 525, 28),
	(758, 526, 28),
	(759, 527, 28),
	(761, 528, 28),
	(765, 529, 29),
	(770, 530, 29),
	(771, 531, 29),
	(773, 532, 29),
	(774, 533, 29),
	(812, 533, 30),
	(775, 534, 29),
	(776, 535, 29),
	(778, 536, 29),
	(784, 537, 29),
	(785, 538, 29),
	(786, 539, 29),
	(787, 540, 29),
	(796, 541, 30),
	(797, 542, 30),
	(798, 543, 30),
	(799, 544, 30),
	(800, 545, 30),
	(801, 546, 30),
	(802, 547, 30),
	(882, 547, 32),
	(803, 548, 30),
	(804, 549, 30),
	(815, 550, 30),
	(816, 551, 30),
	(819, 552, 30),
	(820, 553, 30),
	(821, 554, 30),
	(822, 555, 30),
	(836, 556, 31),
	(1011, 556, 35),
	(837, 557, 31),
	(843, 558, 31),
	(846, 559, 31),
	(871, 559, 32),
	(851, 560, 31),
	(872, 561, 32),
	(873, 562, 32),
	(874, 563, 32),
	(875, 564, 32),
	(876, 565, 32),
	(877, 566, 32),
	(878, 567, 32),
	(879, 568, 32),
	(883, 569, 32),
	(884, 570, 32),
	(892, 571, 32),
	(893, 572, 32),
	(897, 573, 32),
	(901, 574, 32),
	(902, 575, 32),
	(903, 576, 32),
	(904, 577, 32),
	(905, 578, 32),
	(906, 579, 32),
	(907, 580, 32),
	(908, 581, 32),
	(909, 582, 32),
	(1061, 582, 37),
	(910, 583, 32),
	(912, 584, 32),
	(913, 585, 32),
	(914, 586, 32),
	(915, 587, 32),
	(926, 588, 33),
	(937, 589, 33),
	(938, 590, 33),
	(940, 591, 33),
	(941, 592, 33),
	(944, 593, 33),
	(946, 594, 33),
	(949, 595, 33),
	(950, 596, 33),
	(951, 597, 33),
	(952, 598, 33),
	(955, 599, 33),
	(956, 600, 33),
	(983, 601, 34),
	(984, 602, 34),
	(1016, 603, 35),
	(1017, 604, 35),
	(1058, 605, 37);

-- Volcando estructura para tabla hospitalbd.hospital_personal_jorna_laboral
CREATE TABLE IF NOT EXISTS `hospital_personal_jorna_laboral` (
  `id` bigint NOT NULL AUTO_INCREMENT,
  `dia` varchar(20) COLLATE utf8mb4_general_ci NOT NULL,
  `turno` varchar(10) COLLATE utf8mb4_general_ci NOT NULL,
  PRIMARY KEY (`id`)
) ENGINE=InnoDB AUTO_INCREMENT=29 DEFAULT CHARSET=utf8mb4 COLLATE=utf8mb4_general_ci;

-- Volcando datos para la tabla hospitalbd.hospital_personal_jorna_laboral: ~28 rows (aproximadamente)
INSERT INTO `hospital_personal_jorna_laboral` (`id`, `dia`, `turno`) VALUES
	(1, 'lunes', 'dia'),
	(2, 'martes', 'dia'),
	(3, 'miercoles', 'dia'),
	(4, 'jueves', 'dia'),
	(5, 'viernes', 'dia'),
	(6, 'sabado', 'dia'),
	(7, 'domingo', 'dia'),
	(8, 'lunes', 'tarde'),
	(9, 'martes', 'tarde'),
	(10, 'miercoles', 'tarde'),
	(11, 'jueves', 'tarde'),
	(12, 'viernes', 'tarde'),
	(13, 'sabado', 'tarde'),
	(14, 'domingo', 'tarde'),
	(15, 'lunes', 'noche'),
	(16, 'martes', 'noche'),
	(17, 'miercoles', 'noche'),
	(18, 'jueves', 'noche'),
	(19, 'viernes', 'noche'),
	(20, 'sabado', 'noche'),
	(21, 'domingo', 'noche'),
	(22, 'lunes', 'on-call'),
	(23, 'martes', 'on-call'),
	(24, 'miercoles', 'on-call'),
	(25, 'jueves', 'on-call'),
	(26, 'viernes', 'on-call'),
	(27, 'sabado', 'on-call'),
	(28, 'domingo', 'on-call');

-- Volcando estructura para tabla hospitalbd.hospital_personal_lugar
CREATE TABLE IF NOT EXISTS `hospital_personal_lugar` (
  `id` bigint NOT NULL AUTO_INCREMENT,
  `nombre` varchar(100) COLLATE utf8mb4_general_ci NOT NULL,
  `tipo` varchar(50) COLLATE utf8mb4_general_ci NOT NULL,
  `piso` int NOT NULL,
  `codigo` varchar(20) COLLATE utf8mb4_general_ci NOT NULL,
  `estado` varchar(20) COLLATE utf8mb4_general_ci NOT NULL,
  `capacidad` int NOT NULL,
  `descripcion` longtext COLLATE utf8mb4_general_ci,
  `es_critico` tinyint(1) NOT NULL,
  `activo` tinyint(1) NOT NULL,
  `departamento_id` bigint DEFAULT NULL,
  PRIMARY KEY (`id`),
  UNIQUE KEY `codigo` (`codigo`),
  KEY `hospital_personal_lu_departamento_id_3c6f2ef0_fk_hospital_` (`departamento_id`),
  CONSTRAINT `hospital_personal_lu_departamento_id_3c6f2ef0_fk_hospital_` FOREIGN KEY (`departamento_id`) REFERENCES `hospital_personal_departamento` (`id`)
) ENGINE=InnoDB AUTO_INCREMENT=169 DEFAULT CHARSET=utf8mb4 COLLATE=UTF8MB4_GENERAL_CI;



## mi tabla ## 
INSERT INTO `hospital_personal_lugar` (`id`, `nombre`, `tipo`, `piso`, `sala`,`abreviacion`, `capacidad`, `descripcion`, `es_critico`, `activo`, `departamento_id`) VALUES
(1, 'Sala de Urgencias 1', 'hab', 0, 10,'URG', 4, 'Sala de atención inmediata para emergencias médicas.', 1, 1, 1),
(2, 'Sala de Urgencias 2', 'hab', 0, 11,'URG', 4, 'Sala equipada con camillas y monitores de emergencia.', 1, 1, 1),
(3, 'Consultorio de Urgencias 1', 'cons', 0, 12, 'CONS-URG', 1, 'Consultorio de primera atención de emergencias.', 1, 1, 1),
(4, 'Quirófano de Trauma 1', 'qui', 3, 300, 'QUI-TRA', 1, 'Quirófano para intervenciones urgentes por trauma.', 1, 1, 3),
(5, 'Quirófano de Trauma 2', 'qui', 3, 301, 'QUI-TRA', 1, 'Quirófano preparado para cirugía de urgencia.', 1, 1, 3),
(6, 'Sala de Reanimación 1', 'hab', 0, 13, 'REA', 2, 'Sala para reanimación post-trauma y emergencias quirúrgicas.', 1, 1, 1),
(7, 'Consultorio de Medicina General 1', 'cons', 1, 100, 'CONS-MG', 1, 'Consultorio para consultas generales.', 0, 1, 2),
(8, 'Consultorio de Medicina General 2', 'cons', 1, 101, 'CONS-MG', 1, 'Consultorio destinado a chequeos médicos básicos.', 0, 1, 2),
(9, 'Consultorio de Medicina General 3', 'cons', 1, 102, 'CONS-MG', 1, 'Consultorio de diagnóstico y tratamiento general.', 0, 1, 2),
(10, 'Consultorio de Pediatría 1', 'cons', 2, 200, 'CONS-PED', 1, 'Consultorio especializado en atención pediátrica.', 0, 1, 9),
(11, 'Consultorio de Pediatría 2', 'cons', 2, 201, 'CONS-PED', 1, 'Consultorio para seguimiento del crecimiento y vacunas.', 0, 1, 9),
(12, 'Sala de Internación Pediátrica 1', 'hab', 2, 202, 'HAB-PED', 2, 'Habitación compartida para niños hospitalizados.', 1, 1, 9),
(13, 'Consultorio de Ginecología 1', 'cons', 2, 203, 'CONS-GIN', 1, 'Consultorio de control ginecológico.', 0, 1, 10),
(14, 'Consultorio de Obstetricia 1', 'cons', 2, 204, 'CONS-OBS', 1, 'Consultorio de control prenatal.', 0, 1, 10),
(15, 'Sala de Partos 1', 'hab', 2, 205, 'SAL-PAR', 1, 'Sala destinada a la atención del parto.', 1, 1, 10),
(16, 'Consultorio de Dermatología 1', 'cons', 1, 103, 'CONS-DER', 1, 'Consultorio para diagnóstico de enfermedades cutáneas.', 0, 1, 11),
(17, 'Consultorio de Dermatología 2', 'cons', 1, 104, 'CONS-DER', 1, 'Consultorio para tratamientos dermatológicos.', 0, 1, 11),
(18, 'Consultorio de Dermatología Estética', 'cons', 1, 105, 'CONS-DER', 1, 'Consultorio para tratamientos estéticos de la piel.', 0, 1, 11),
(19, 'Quirófano de Cirugía General 1', 'qui', 3, 302, 'QUI-CG', 1, 'Quirófano para cirugías abdominales y generales.', 1, 1, 3),
(20, 'Quirófano de Cirugía General 2', 'qui', 3, 303, 'QUI-CG', 1, 'Quirófano para operaciones de rutina.', 1, 1, 3),
(21, 'Sala Preoperatoria Cirugía General', 'hab', 3, 304, 'PRE-CG', 2, 'Sala para preparación de pacientes quirúrgicos.', 1, 1, 3),
(22, 'Quirófano Oncológico 1', 'qui', 3, 305, 'QUI-ONC', 1, 'Quirófano para resección de tumores.', 1, 1, 3),
(23, 'Quirófano Oncológico 2', 'qui', 3, 306, 'QUI-ONC', 1, 'Quirófano para cirugía oncológica compleja.', 1, 1, 3),
(24, 'Sala de Recuperación Oncológica', 'hab', 2, 206, 'REC-ONC', 2, 'Sala para postoperatorio oncológico.', 1, 1, 18),
(25, 'Quirófano Vascular 1', 'qui', 3, 307, 'QUI-VAS', 1, 'Quirófano especializado en cirugía de vasos sanguíneos.', 1, 1, 3),
(26, 'Quirófano Vascular 2', 'qui', 3, 308, 'QUI-VAS', 1, 'Quirófano para bypass y reparaciones vasculares.', 1, 1, 3),
(27, 'Sala de Recuperación Vascular', 'hab', 2, 207, 'REC-VAS', 2, 'Sala postoperatoria para pacientes de cirugía vascular.', 1, 1, 18),
(28, 'Unidad de Cuidados Intensivos 1', 'hab', 4, 400, 'UCI', 1, 'Habitación de monitoreo intensivo.', 1, 1, 4),
(29, 'Unidad de Cuidados Intensivos 2', 'hab', 4, 401, 'UCI', 1, 'Habitación con soporte vital avanzado.', 1, 1, 4),
(30, 'Unidad de Cuidados Intensivos 3', 'hab', 4, 402, 'UCI', 1, 'Habitación con monitoreo multiparámetro.', 1, 1, 4),
(31, 'Sala de Anestesia 1', 'lab', 3, 309, 'ANE', 2, 'Sala de preparación anestésica previa a cirugía.', 1, 1, 19),
(32, 'Sala de Anestesia 2', 'lab', 3, 310, 'ANE', 2, 'Sala de recuperación anestésica postoperatoria.', 1, 1, 19),
(33, 'Consultorio de Manejo del Dolor', 'cons', 3, 311, 'CONS-ANE', 1, 'Consultorio para control y manejo del dolor.', 0, 1, 19),
(34, 'Sala de Rayos X 1', 'lab', 0, 14, 'RX', 2, 'Sala de radiología para estudios generales.', 0, 1, 5),
(35, 'Sala de Rayos X 2', 'lab', 0, 15, 'RX', 2, 'Sala de diagnóstico por imagen.', 0, 1, 5),
(36, 'Sala de Radiología de Emergencias', 'lab', 0, 16, 'RX', 2, 'Radiología rápida para pacientes críticos.', 1, 1, 5),
(37, 'Sala de Radiología Pediátrica 1', 'lab', 2, 208, 'RX-PED', 1, 'Sala de rayos X adaptada a niños.', 0, 1, 5),
(38, 'Sala de Radiología Pediátrica 2', 'lab', 2, 209, 'RX-PED', 1, 'Radiología infantil con equipos de baja radiación.', 0, 1, 5),
(39, 'Sala de Radiología Pediátrica 3', 'lab', 2, 210, 'RX-PED', 1, 'Diagnóstico radiológico en pediatría.', 0, 1, 5),
(40, 'Laboratorio de Patología 1', 'lab', 0, 17, 'LAB-PAT', 4, 'Laboratorio de anatomía patológica.', 0, 1, 20),
(41, 'Laboratorio de Patología 2', 'lab', 0, 18, 'LAB-PAT', 4, 'Sala de procesamiento de muestras patológicas.', 0, 1, 20),
(42, 'Laboratorio de Patología 3', 'lab', 0, 19, 'LAB-PAT', 3, 'Laboratorio para análisis histológicos.', 0, 1, 20),
(43, 'Laboratorio de Microbiología 1', 'lab', 0, 20, 'LAB-MIC', 5, 'Laboratorio para análisis de muestras bacteriológicas.', 0, 1, 14),
(44, 'Laboratorio de Microbiología 2', 'lab', 0, 21, 'LAB-MIC', 5, 'Sala para diagnóstico de infecciones.', 0, 1, 14),
(45, 'Laboratorio de Microbiología 3', 'lab', 0, 22, 'LAB-MIC', 4, 'Laboratorio con cabinas de bioseguridad.', 0, 1, 14),
(46, 'Consultorio de Farmacia Clínica 1', 'cons', 1, 105, 'CONS-FAR', 1, 'Consultorio para asesoría farmacéutica.', 0, 1, 7),
(47, 'Consultorio de Farmacia Clínica 2', 'cons', 1, 106, 'CONS-FAR', 1, 'Asesoramiento sobre uso de medicamentos.', 0, 1, 7),
(48, 'Laboratorio de Farmacia Clínica', 'lab', 0, 23, 'LAB-FAR', 3, 'Laboratorio de control de medicamentos hospitalarios.', 0, 1, 7),
(49, 'Consultorio de Oncología Médica 1', 'cons', 2, 211, 'CONS-ONC', 1, 'Consultorio para control de pacientes con cáncer.', 0, 1, 8),
(50, 'Consultorio de Oncología Médica 2', 'cons', 2, 212, 'CONS-ONC', 1, 'Atención y seguimiento de tratamientos oncológicos.', 0, 1, 8),
(51, 'Sala de Quimioterapia 1', 'hab', 2, 213, 'QUI-ONC', 5, 'Sala de administración de quimioterapia.', 1, 1, 8),
(52, 'Consultorio de Oncología Ginecológica 1', 'cons', 2, 214, 'CONS-ONG', 1, 'Consultorio para control de cáncer ginecológico.', 0, 1, 10),
(53, 'Consultorio de Oncología Ginecológica 2', 'cons', 2, 215, 'CONS-ONG', 1, 'Consultorio de diagnóstico oncológico femenino.', 0, 1, 10),
(54, 'Sala de Tratamientos Oncológicos Ginecológicos', 'hab', 2, 216, 'SAL-ONG', 2, 'Sala para procedimientos oncológicos ginecológicos.', 1, 1, 10),
(55, 'Unidad Neonatal 1', 'hab', 2, 217,'NEO', 2, 'Unidad para recién nacidos prematuros.', 1, 1, 9),
(56, 'Unidad Neonatal 2', 'hab', 2, 218,'NEO', 2, 'Habitación equipada con incubadoras.', 1, 1, 9),
(57, 'Unidad Neonatal 3', 'hab', 2, 219,'NEO', 2, 'Sala de cuidados intensivos neonatales.', 1, 1, 9),
(58, 'Consultorio de Pediatría General 1','cons', 2, 220, 'CONS-PEDG', 1, 'Consultorio de atención pediátrica ambulatoria.', 0, 1, 9),
(59, 'Consultorio de Pediatría General 2', 'cons', 2, 221,'CONS-PEDG', 1, 'Atención general para niños y adolescentes.', 0, 1, 9),
(60, 'Sala de Internación Pediátrica General', 'hab', 2, 222,'HAB-PEDG', 3, 'Habitación compartida para pacientes pediátricos.', 1, 1, 9),
(61, 'Consultorio de Cardiología 1', 'cons', 4, 404,'CONS-CAR', 1, 'Consultorio especializado en enfermedades cardíacas.', 0, 1, 12),
(62, 'Consultorio de Cardiología 2', 'cons', 4, 405,'CONS-CAR', 1, 'Control y seguimiento de pacientes cardíacos.', 0, 1, 12),
(63, 'Sala de Electrocardiogramas', 'lab', 4, 406,'LAB-CAR', 2, 'Sala equipada para estudios de electrocardiograma.', 0, 1, 12),
(64, 'Consultorio de Neumología 1', 'cons', 3, 312,'CONS-NEU', 1, 'Consultorio para diagnóstico de enfermedades respiratorias.', 0, 1, 15),
(65, 'Consultorio de Neumología 2', 'cons', 3, 313,'CONS-NEU', 1, 'Atención de pacientes con enfermedades pulmonares.', 0, 1, 15),
(66, 'Laboratorio de Función Pulmonar', 'lab', 3, 314,'LAB-NEU', 2, 'Sala equipada para espirometrías y estudios respiratorios.', 0, 1, 15),
(67, 'Consultorio de Nefrología 1', 'cons', 3, 315,'CONS-NEF', 1, 'Consultorio para enfermedades renales.', 0, 1, 21),
(68, 'Consultorio de Nefrología 2', 'cons', 3, 316,'CONS-NEF', 1, 'Atención de pacientes con insuficiencia renal.', 0, 1, 21),
(69, 'Sala de Hemodiálisis 1', 'lab', 3, 317,'LAB-NEF', 4, 'Sala equipada con máquinas de hemodiálisis.', 1, 1, 21),
(70, 'Consultorio de Gastroenterología 1', 'cons', 3,318, 'CONS-GAS', 1, 'Consultorio para enfermedades digestivas.', 0, 1, 22),
(71, 'Consultorio de Gastroenterología 2', 'cons', 3, 319,'CONS-GAS', 1, 'Atención de pacientes con patologías gastrointestinales.', 0, 1, 22),
(72, 'Sala de Endoscopia 1', 'lab', 3, 320,'LAB-GAS', 2, 'Sala equipada para endoscopias digestivas.', 1, 1, 22),
(73, 'Consultorio de Dermatología 1', 'cons', 1, 107,'CONS-DER', 1, 'Consultorio de diagnóstico de enfermedades de la piel.', 0, 1, 11),
(74, 'Consultorio de Dermatología 2', 'cons', 1, 108,'CONS-DER', 1, 'Atención de tratamientos dermatológicos.', 0, 1, 11),
(75, 'Sala de Fototerapia', 'lab', 1, 109,'LAB-DER', 2, 'Sala equipada con lámparas UV para tratamientos.', 0, 1, 9),
(76, 'Consultorio de Reumatología 1', 'cons', 2, 223,'CONS-REU', 1, 'Consultorio para enfermedades autoinmunes.', 0, 1, 23),
(77, 'Consultorio de Reumatología 2', 'cons', 2, 224,'CONS-REU', 1, 'Atención de pacientes con artritis y lupus.', 0, 1, 23),
(78, 'Sala de Infusión Reumatológica', 'hab', 2, 225,'HAB-REU', 3, 'Sala para administración de terapias intravenosas.', 0, 1, 23),
(79, 'Consultorio de Endocrinología 1', 'cons', 2, 226,'CONS-END', 1, 'Consultorio para enfermedades hormonales.', 0, 1, 13),
(80, 'Consultorio de Endocrinología 2', 'cons', 2, 227,'CONS-END', 1, 'Control de pacientes con diabetes y tiroides.', 0, 1, 13),
(81, 'Sala de Educación Diabética', 'hab', 2, 228,'HAB-END', 5, 'Sala destinada a la enseñanza del autocontrol de la diabetes.', 0, 1, 13),
(82, 'Consultorio de Neurología 1', 'cons', 3, 321,'CONS-NRL', 1, 'Consultorio para enfermedades neurológicas.', 0, 1, 17),
(83, 'Consultorio de Neurología 2', 'cons', 3, 322,'CONS-NRL', 1, 'Atención de pacientes con epilepsia y migraña.', 0, 1, 17),
(84, 'Sala de Electroencefalogramas', 'lab', 3, 323,'LAB-NRL', 2, 'Sala para estudios de actividad cerebral.', 0, 1, 17),
(85, 'Consultorio de Psiquiatría 1', 'cons', 2, 229,'CONS-PSQ', 1, 'Consultorio de evaluación psiquiátrica.', 0, 1, 24),
(86, 'Consultorio de Psiquiatría 2', 'cons', 2, 230,'CONS-PSQ', 1, 'Seguimiento de pacientes con trastornos mentales.', 0, 1, 24),
(87, 'Sala de Terapias Grupales', 'hab', 2, 231,'HAB-PSQ', 8, 'Sala acondicionada para terapias grupales.', 0, 1, 24),
(88, 'Quirófano de Cirugía General 1', 'qui', 4, 407,'QUI-CG', 1, 'Quirófano para procedimientos generales.', 1, 1, 3),
(89, 'Quirófano de Cirugía General 2', 'qui', 4, 408,'QUI-CG', 1, 'Quirófano equipado para cirugías abdominales.', 1, 1, 3),
(90, 'Sala de Recuperación Cirugía General', 'hab', 4, 409,'REC-CG', 4, 'Sala postoperatoria de pacientes de cirugía general.', 1, 1, 18),
(91, 'Quirófano de Oncología 1', 'qui', 4, 410,'QUI-ONC', 1, 'Quirófano especializado en procedimientos oncológicos.', 1, 1, 3),
(92, 'Quirófano de Oncología 2', 'qui', 4, 411,'QUI-ONC', 1, 'Preparado para cirugía de tumores complejos.', 1, 1, 3),
(93, 'Sala de Recuperación Oncológica', 'hab', 4, 412,'REC-ONC', 3, 'Sala postoperatoria para pacientes oncológicos.', 1, 1, 18),
(94, 'Quirófano de Cirugía Vascular 1', 'qui', 4, 413,'QUI-CV', 1, 'Quirófano para procedimientos en vasos sanguíneos.', 1, 1, 3),
(95, 'Quirófano de Cirugía Vascular 2', 'qui', 4, 414,'QUI-CV', 1, 'Preparado para bypass y aneurismas.', 1, 1, 3),
(96, 'Sala de Recuperación Vascular', 'hab', 4, 415,'REC-CV', 2, 'Área de recuperación postquirúrgica vascular.', 1, 1, 18),
(97, 'Quirófano de Cirugía Torácica 1', 'qui', 4, 416,'QUI-CT', 1, 'Quirófano para operaciones de tórax y pulmones.', 1, 1, 3),
(98, 'Quirófano de Cirugía Torácica 2', 'qui', 4, 417,'QUI-CT', 1, 'Preparado para cirugía de pleura y pulmones.', 1, 1, 3),
(99, 'Sala de Cuidados Post-Torácicos', 'hab', 4, 418,'REC-CT', 3, 'Sala de recuperación para cirugía torácica.', 1, 1, 4),
(100, 'Quirófano de Cirugía Plástica 1', 'qui', 4, 419,'QUI-CP', 1, 'Quirófano para cirugía reconstructiva y estética.', 1, 1, 3),
(101, 'Quirófano de Cirugía Plástica 2', 'qui', 4, 420,'QUI-CP', 1, 'Preparado para cirugías faciales y corporales.', 1, 1, 3), -- Piso 3
(102, 'Sala de Recuperación Estética', 'hab', 4, 421,'REC-CP', 4, 'Área de cuidados postoperatorios en cirugía estética.', 0, 1, 4), -- Piso 4
(103, 'Quirófano de Ortopedia 1', 'qui', 3, 324,'QUI-ORT', 1, 'Quirófano para cirugía traumatológica y ortopédica.', 1, 1, 3), -- Piso 3
(104, 'Quirófano de Ortopedia 2', 'qui', 3, 325,'QUI-ORT', 1, 'Preparado para implantes y prótesis.', 1, 1, 3), -- Piso 3
(105, 'Sala de Rehabilitación Ortopédica', 'hab', 2, 232,'HAB-ORT', 6, 'Sala para recuperación de pacientes traumatológicos.', 0, 1, 2), -- Piso 2
(106, 'Sala de Anestesia 3', 'lab', 3, 326,'LAB-ANE', 2,'Preparación anestésica para cirugías.', 1, 1, 3), -- Piso 3
(107, 'Sala de Anestesia 4', 'lab', 3, 327,'LAB-ANE', 2, 'Área para control de anestesia intraoperatoria.', 1, 1, 3), -- Piso 3
(108, 'Unidad de Recuperación Anestésica', 'hab', 4, 422,'REC-ANE', 4, 'Monitoreo postanestesia inmediato.', 1, 1, 4), -- Piso 4
(109, 'Unidad de Cuidados Intensivos 4', 'hab', 4, 423,'UCI', 6, 'Área crítica para pacientes graves.', 1, 1, 4), -- Piso 4
(110, 'Unidad de Cuidados Intensivos 5', 'hab', 4, 424,'UCI', 6, 'Soporte vital avanzado.', 1, 1, 4), -- Piso 4
(111, 'Unidad de Cuidados Intensivos 6', 'hab', 4, 425,'UCI', 6, 'Atención 24h para pacientes críticos.', 1, 1, 4), -- Piso 4
(112, 'Unidad de Cuidados Neurocríticos 1', 'hab', 4, 426,'UCN-NCR', 4, 'Manejo de pacientes con patologías neurológicas críticas.', 1, 1, 4), -- Piso 4
(113, 'Unidad de Cuidados Neurocríticos 2', 'hab', 4, 427,'UCN-NCR', 4, 'Atención a traumatismos craneoencefálicos.', 1, 1, 4), -- Piso 4
(114, 'Sala de Monitoreo Neurológico', 'lab', 3, 328,'LAB-NCR', 2, 'Monitoreo avanzado de la actividad cerebral.', 1, 1, 3), -- Piso 3
(115, 'Sala de Radiología 1', 'lab', 0, 24,'LAB-RAD', 2, 'Diagnóstico por rayos X y TAC.', 0, 1, 0), -- Piso 0
(116, 'Sala de Radiología 2', 'lab', 0,25,'LAB-RAD', 2, 'Exámenes de radiografía y fluoroscopía.', 0, 1, 0), -- Piso 0
(117, 'Sala de Resonancia Magnética', 'lab', 0, 26,'LAB-RAD', 1, 'Equipo de RMN de alto campo.', 0, 1, 0), -- Piso 0
(118, 'Consultorio de Cuidados Paliativos 1', 'cons', 2, 232,'CONS-CPAL', 1, 'Atención integral a pacientes terminales.', 0, 1, 2), -- Piso 2
(119, 'Consultorio de Cuidados Paliativos 2', 'cons', 2, 233,'CONS-CPAL', 1, 'Apoyo clínico y psicológico.', 0, 1, 2), -- Piso 2
(120, 'Sala de Cuidados Paliativos', 'hab', 2, 234,'HAB-CPAL', 3, 'Área para internación de pacientes en cuidados paliativos.', 0, 1, 2), -- Piso 2
(121, 'Sala de Rayos X de Emergencia 1', 'lab', 0, 27,'LAB-RX', 1, 'Radiología rápida para emergencias.', 1, 1, 0), -- Piso 0
(122, 'Sala de Rayos X de Emergencia 2', 'lab', 0, 28,'LAB-RX', 1, 'Radiografía de tórax y huesos en urgencias.', 1, 1, 0), -- Piso 0
(123, 'Sala de Ecografía de Emergencia', 'lab', 0, 29,'LAB-ECO', 1, 'Ultrasonido rápido en emergencias.', 1, 1, 0), -- Piso 0
(124, 'Sala TAC de Emergencia', 'lab', 0, 30,'LAB-TAC', 1, 'Tomógrafo para diagnóstico rápido en trauma.', 1, 1, 0), -- Piso 0
(125, 'Laboratorio Clínico Central', 'lab', 0, 31,'LAB-CLI', 10, 'Análisis de sangre, orina y bioquímica.', 0, 1, 0), -- Piso 0
(126, 'Laboratorio Clínico Secundario', 'lab', 0, 32'LAB-CLI', 6, 'Soporte para análisis de guardia.', 0, 1, 0), -- Piso 0
(127, 'Sala de Electrocardiogramas', 'lab', 0, 33,'LAB-ECG', 2, 'Equipos para estudios de ritmo cardíaco.', 0, 1, 0), -- Piso 0
(128, 'Sala de Espirometría', 'lab', 0, 34,'LAB-PUL', 2, 'Evaluación de la función respiratoria.', 0, 1, 0), -- Piso 0
(129, 'Sala de Endoscopia 2', 'lab', 3, 329,'LAB-END', 2, 'Examen de tubo digestivo superior e inferior.', 1, 1, 3), -- Piso 3
(130, 'Sala de Audiometría', 'lab', 1, 110,'LAB-AUD', 1, 'Cabina insonorizada para exámenes auditivos.', 0, 1, 1), -- Piso 1
(131, 'Sala de Exámenes Visuales', 'cons', 1, 111,'CONS-OFT', 1, 'Pruebas de visión y salud ocular.', 0, 1, 1), -- Piso 1
(132, 'Sala de Pruebas de Alergia', 'cons', 1, 112,'CONS-ALR', 2, 'Pruebas cutáneas y diagnósticos alérgicos.', 0, 1, 1), -- Piso 1
(133, 'Radiología Quirúrgica 1', 'lab', 3, 328,'LAB-RQ', 1, 'Imagenología en quirófano.', 1, 1, 3), -- Piso 3
(134, 'Sala TAC Central', 'lab', 0, 35,'LAB-TAC', 1, 'Tomógrafo multicorte de alta resolución.', 1, 1, 0), -- Piso 0
(135, 'Sala de Resonancia Magnética 1', 'lab', 0, 36,'LAB-RM', 1, 'Resonancia para neurología y ortopedia.', 1, 1, 0), -- Piso 0
(136, 'Sala de Resonancia Magnética 2', 'lab', 0, 37,'LAB-RM', 1, 'Resonancia de cuerpo completo.', 1, 1, 0), -- Piso 0
(137, 'Unidad de Monitoreo Cardíaco', 'hab', 4, 428,'HAB-MON', 4, 'Monitoreo continuo de pacientes críticos.', 1, 1, 4), -- Piso 4
(138, 'Sala de Oxigenoterapia', 'hab', 2, 235,'HAB-OXI', 3, 'Aplicación terapéutica de oxígeno.', 1, 1, 2), -- Piso 2
(139, 'Sala EEG 1', 'lab', 3, 329,'LAB-EEG', 1, 'Estudios de actividad eléctrica cerebral.', 0, 1, 3), -- Piso 3
(140, 'Sala de Mamografía', 'lab', 0, 38'LAB-MAM', 1, 'Diagnóstico de cáncer de mama.', 0, 1, 0), -- Piso 0
(141, 'Sala de Extracciones de Sangre', 'lab', 0, 39,'LAB-SANG', 5, 'Extracción y procesamiento de muestras.', 0, 1, 0), -- Piso 0
(142, 'Sala de Análisis de Orina', 'lab', 0, 40,'LAB-ORI', 2, 'Procesamiento de muestras de orina.', 0, 1, 0), -- Piso 0
(143, 'Laboratorio de Biología Molecular', 'lab', 0, 41,'LAB-BIO', 3, 'PCR, genética y virología.', 1, 1, 0), -- Piso 0
(144, 'Sala de Asesoría Farmacéutica', 'cons', 1, 113,'CONS-FAR', 1, 'Atención de pacientes sobre medicamentos.', 0, 1, 1), -- Piso 1
(145, 'Sala de Biopsias', 'lab', 3, 330,'LAB-BIOP', 1, 'Obtención de muestras para análisis oncológico.', 1, 1, 3), -- Piso 3
(146, 'Sala de Radioterapia 1', 'lab', 4, 429,'LAB-RADT', 1, 'Tratamiento con radiación contra tumores.', 1, 1, 4), -- Piso 4
(147, 'Sala de Radioterapia 2', 'lab', 4, 430,'LAB-RADT', 1, 'Unidad de acelerador lineal.', 1, 1, 4), -- Piso 4
(148, 'Unidad Neonatal 3', 'lab', 2, 236,'NEO', 2, 'Pruebas metabólicas y cardíacas en neonatos.', 0, 1, 2), -- Piso 2
(149, 'Sala de Ecografía Pediátrica', 'lab', 2, 237,'LAB-ECO', 1, 'Ecografía adaptada para niños.', 0, 1, 2), -- Piso 2
(150, 'Sala de Ecografía Ginecológica', 'lab', 2, 238,'LAB-ECO', 1, 'Ecografía transvaginal y obstétrica.', 0, 1, 2),-- Piso 2
	(151, 'Sala de Pruebas de Fertilidad', 'lab', 2, 239,'LAB-FER', 1, 'Estudios de fertilidad masculina y femenina.', 0, 1, 10), -- Piso 2
	(152, 'Sala de Dermatoscopia', 'cons', 1, 'CONS-DER', 1, 114,'Estudio detallado de lesiones cutáneas.', 0, 1, 11), -- Piso 1
	(153, 'Sala de Pruebas de Alergia Dermatológica', 'cons', 1, 115,'CONS-ALRDER', 1, 'Diagnóstico de dermatitis y eccemas.', 0, 1, 11), -- Piso 1
	(154, 'Oficina de Laboratorio', 'oficina_resultados', 2, 240,'OFI-LAB', 10, 'Oficina de carga de resultados sobre análisis de laboratorio', 0, 1, 29), -- Piso 2
	(155, 'Laboratorio de Endocrinología', 'lab', 2, 241,'LAB-END', 8, 'Análisis especializado de perfiles hormonales y metabólicos...', 0, 1, 13), -- Piso 2
	(156, 'Laboratorio de Bacteriología', 'lab', 0, 42,'LAB-BAC', 12, 'Análisis microbiológicos especializados para la identificación...', 0, 1, 14), -- Piso 0
	(157, 'Área de Diagnostico Funcional cardiológico', 'cons', 3, 331,'DIA-CAR', 3, 'Área especializada en la realización de estudios funcionales del sistema cardiovascular...', 0, 1, 12), -- Piso 3
	(158, 'Laboratorio de Bioquímica Clínica', 'lab', 0, 43,'LAB-BIOQUI', 8, 'Unidad especializada dedicada al análisis químico de muestras biológicas...', 0, 1, 6), -- Piso 0
	(159, 'Laboratorio de Inmunología', 'lab', 0, 44,'LAB-INMU', 8, '', 0, 1, 6), -- Piso 0
	(160, 'Laboratorio de Banco de Sangre', 'lab', 0, 45,'LAB-BSAN', 5, '', 0, 1, 30), -- Piso 0
	(161, 'Laboratorio de Ecocardiografía', 'lab', 3, 332,'LAB-ECOCAR', 3, '', 0, 1, 12), -- Piso 3
	(162, 'Laboratorio de Función Pulmonar', 'lab', 3, 333,'LAB-FPUL', 5, '', 0, 1, 12), -- Piso 3
	(163, 'Consultorio de Neumología 3', 'cons', 3, 334,'CONS-NEU', 2, '', 0, 1, 15), -- Piso 3
	(164, 'Consultorio de Neumología 4', 'cons', 3, 335,'CONS-NEU', 2, '', 0, 1, 15), -- Piso 3
	(165, 'Laboratorio de Hormonas', 'lab', 2, 242,'LAB-HOR', 10, '', 0, 1, 6), -- Piso 2
	(166, 'Sala de Mamografía', 'lab', 0, 46,'LAB-MAMO', 5, '', 0, 1, 5), -- Piso 0
	(167, 'Laboratorio en Histotecnología', 'lab', 0, 47,'LAB-HIST', 5, '', 0, 1, 20), -- Piso 0
	(168, 'Laboratorios Dermatocosméticos', 'lab', 1, 115,'LAB-DERCOS', 3, '', 0, 1, 11); -- Piso 1


-- Volcando datos para la tabla hospitalbd.hospital_personal_lugar: ~168 rows (aproximadamente)
INSERT INTO `hospital_personal_lugar` (`id`, `nombre`, `tipo`, `piso`, `sala`,`abreviacion`, `capacidad`, `descripcion`, `es_critico`, `activo`, `departamento_id`) VALUES
	(151, 'Sala de Pruebas de Fertilidad', 'lab', 2, 'LAB-FER-216', 1, 'Estudios de fertilidad masculina y femenina.', 0, 1, 10),
	(152, 'Sala de Dermatoscopia', 'cons', 2, 'CONS-DER-217', 1, 'Estudio detallado de lesiones cutáneas.', 0, 1, 11),
	(153, 'Sala de Pruebas de Alergia Dermatológica', 'cons', 2, 'CONS-DER-218', 1, 'Diagnóstico de dermatitis y eccemas.', 0, 1, 11),
	(154, 'Oficina de Laboratorio', 'oficina_resultados', 2, 'OFI-LAB-201', 10, 'Oficina de carga de resultados sobre análisis de laboratorio', 0, 1, 29),
	(155, 'Laboratorio de Endocrinología', 'lab', 2, 'LAB-END-202', 8, 'Análisis especializado de perfiles hormonales y metabólicos para diagnóstico y seguimiento de enfermedades endocrinas como diabetes, trastornos tiroideos y hormonales.', 0, 1, 13),
	(156, 'Laboratorio de Bacteriología', 'lab', 2, 'LAB-BAC-203', 12, 'Análisis microbiológicos especializados para la identificación, aislamiento y estudio de bacterias patógenas en muestras clínicas, como sangre, orina, esputo y tejidos. Apoya el diagnóstico y tratamiento de infecciones bacterianas mediante cultivos, pruebas de sensibilidad antimicrobiana y otros métodos microbiológicos.', 0, 1, 14),
	(157, 'Área de Diagnostico Funcional cardiológico', 'cons', 2, 'DIA-CAR-204', 3, 'Área especializada en la realización de estudios funcionales del sistema cardiovascular. Se realizan pruebas como electrocardiograma, ecocardiograma, prueba de esfuerzo, Holter y monitoreo ambulatorio de presión arterial (MAPA). Es un espacio clave para el diagnóstico temprano y seguimiento de enfermedades cardíacas.', 0, 1, 12),
	(158, 'Laboratorio de Bioquímica Clínica', 'lab', 2, 'LAB-BIOQUI-220', 8, 'El Laboratorio de Bioquímica Clínica es una unidad especializada dedicada al análisis químico de muestras biológicas humanas, como sangre, orina, suero, plasma, líquido cefalorraquídeo, entre otros. Su principal objetivo es proporcionar información diagnóstica, pronóstica y de seguimiento sobre el estado de salud de los pacientes, a través de la medición de diferentes parámetros bioquímicos.', 0, 1, 6),
	(159, 'Laboratorio de Inmunología', 'lab', 2, 'LAB-INMU-221', 8, '', 0, 1, 6),
	(160, 'Laboratorio de Banco de Sangre', 'lab', 2, 'LAB-BSAN-222', 5, '', 0, 1, 30),
	(161, 'Laboratorio de Ecocardiografía', 'lab', 2, 'LAB-ECOCAR-224', 3, '', 0, 1, 12),
	(162, 'Laboratorio de Función Pulmonar', 'lab', 2, 'LAB-FPUL-225', 5, '', 0, 1, 12),
	(163, 'Consultorio de Neumología 3', 'cons', 2, 'CONS-NEU-226', 2, '', 0, 1, 15),
	(164, 'Consultorio de Neumología 4', 'cons', 2, 'CONS-NEU-227', 2, '', 0, 1, 15),
	(165, 'Laboratorio de Hormonas', 'lab', 2, 'LAB-HOR-227', 10, '', 0, 1, 6),
	(166, 'Sala de Mamografía', 'lab', 2, 'LAB-MAMO-228', 5, '', 0, 1, 5),
	(167, 'Laboratorio en Histotecnología', 'lab', 2, 'LAB-HIST-228', 5, '', 0, 1, 20),
	(168, 'Laboratorios Dermatocosméticos', 'lab', 2, 'LAB-DERCOS-230', 3, '', 0, 1, 11);

-- Volcando estructura para tabla hospitalbd.hospital_personal_medicaciones
CREATE TABLE IF NOT EXISTS `hospital_personal_medicaciones` (
  `id` bigint NOT NULL AUTO_INCREMENT,
  `medicamento` varchar(100) COLLATE utf8mb4_general_ci DEFAULT NULL,
  `dosis` varchar(100) COLLATE utf8mb4_general_ci DEFAULT NULL,
  `frecuencia` varchar(100) COLLATE utf8mb4_general_ci DEFAULT NULL,
  `tiempo_uso` varchar(255) COLLATE utf8mb4_general_ci DEFAULT NULL,
  `consulta_id` bigint NOT NULL,
  `recetada_por_id` bigint NOT NULL,
  PRIMARY KEY (`id`),
  KEY `hospital_personal_me_consulta_id_be122a02_fk_hospital_` (`consulta_id`),
  KEY `hospital_personal_me_recetada_por_id_4712be69_fk_controlUs` (`recetada_por_id`),
  CONSTRAINT `hospital_personal_me_consulta_id_be122a02_fk_hospital_` FOREIGN KEY (`consulta_id`) REFERENCES `hospital_personal_consultas` (`id`),
  CONSTRAINT `hospital_personal_me_recetada_por_id_4712be69_fk_controlUs` FOREIGN KEY (`recetada_por_id`) REFERENCES `controlusuario_usuario` (`id`)
) ENGINE=InnoDB AUTO_INCREMENT=2 DEFAULT CHARSET=utf8mb4 COLLATE=utf8mb4_general_ci;

-- Volcando datos para la tabla hospitalbd.hospital_personal_medicaciones: ~0 rows (aproximadamente)
INSERT INTO `hospital_personal_medicaciones` (`id`, `medicamento`, `dosis`, `frecuencia`, `tiempo_uso`, `consulta_id`, `recetada_por_id`) VALUES
	(1, 'Hidrocortisona 1% crema', '25 mcg', '1 vez al día', '5 a 7 días (no exceder 10)', 1, 2);

-- Volcando estructura para tabla hospitalbd.hospital_personal_ordenestudio
CREATE TABLE IF NOT EXISTS `hospital_personal_ordenestudio` (
  `id` bigint NOT NULL AUTO_INCREMENT,
  `motivo_estudio` longtext COLLATE utf8mb4_general_ci,
  `indicaciones` longtext COLLATE utf8mb4_general_ci,
  `fecha_solicitud` datetime(6) DEFAULT NULL,
  `estado` varchar(20) COLLATE utf8mb4_general_ci NOT NULL,
  `consulta_id` bigint NOT NULL,
  `solicitado_por_id` bigint NOT NULL,
  `tipo_estudio_id` bigint NOT NULL,
  PRIMARY KEY (`id`),
  KEY `hospital_personal_or_consulta_id_475aec1c_fk_hospital_` (`consulta_id`),
  KEY `hospital_personal_or_solicitado_por_id_af68595d_fk_controlUs` (`solicitado_por_id`),
  KEY `hospital_personal_or_tipo_estudio_id_cdd31875_fk_hospital_` (`tipo_estudio_id`),
  CONSTRAINT `hospital_personal_or_consulta_id_475aec1c_fk_hospital_` FOREIGN KEY (`consulta_id`) REFERENCES `hospital_personal_consultas` (`id`),
  CONSTRAINT `hospital_personal_or_solicitado_por_id_af68595d_fk_controlUs` FOREIGN KEY (`solicitado_por_id`) REFERENCES `controlusuario_usuario` (`id`),
  CONSTRAINT `hospital_personal_or_tipo_estudio_id_cdd31875_fk_hospital_` FOREIGN KEY (`tipo_estudio_id`) REFERENCES `hospital_personal_estudiosdiagnosticos` (`id`)
) ENGINE=InnoDB AUTO_INCREMENT=2 DEFAULT CHARSET=utf8mb4 COLLATE=utf8mb4_general_ci;

-- Volcando datos para la tabla hospitalbd.hospital_personal_ordenestudio: ~0 rows (aproximadamente)
INSERT INTO `hospital_personal_ordenestudio` (`id`, `motivo_estudio`, `indicaciones`, `fecha_solicitud`, `estado`, `consulta_id`, `solicitado_por_id`, `tipo_estudio_id`) VALUES
	(1, 'je', 'je', '2025-10-09 22:05:19.547489', 'pendiente', 1, 2, 33);

-- Volcando estructura para tabla hospitalbd.hospital_personal_plantillaestudio
CREATE TABLE IF NOT EXISTS `hospital_personal_plantillaestudio` (
  `id` bigint NOT NULL AUTO_INCREMENT,
  `estructura` json NOT NULL,
  `estudio_id` bigint NOT NULL,
  PRIMARY KEY (`id`),
  UNIQUE KEY `estudio_id` (`estudio_id`),
  CONSTRAINT `hospital_personal_pl_estudio_id_f14531a1_fk_hospital_` FOREIGN KEY (`estudio_id`) REFERENCES `hospital_personal_estudiosdiagnosticos` (`id`)
) ENGINE=InnoDB AUTO_INCREMENT=328 DEFAULT CHARSET=utf8mb4 COLLATE=utf8mb4_general_ci;

-- Volcando datos para la tabla hospitalbd.hospital_personal_plantillaestudio: ~326 rows (aproximadamente)
INSERT INTO `hospital_personal_plantillaestudio` (`id`, `estructura`, `estudio_id`) VALUES
	(1, '{"Hemograma completo": {"HCM": {"valor": "", "unidad": "pg", "referencia": "27–33"}, "PCT": {"valor": "", "unidad": "%", "referencia": "0.19–0.39"}, "PDW": {"valor": "", "unidad": "%", "referencia": "10–17"}, "RDW": {"valor": "", "unidad": "%", "referencia": "11.5–14.5"}, "VCM": {"valor": "", "unidad": "fL", "referencia": "80–100"}, "VPM": {"valor": "", "unidad": "fL", "referencia": "7.5–11.5"}, "CHCM": {"valor": "", "unidad": "g/dL", "referencia": "32–36"}, "Monocitos": {"valor": "", "unidad": "%", "referencia": "2–8"}, "Plaquetas": {"valor": "", "unidad": "x10³/µL", "referencia": "150–450"}, "Basófilos": {"valor": "", "unidad": "%", "referencia": "0–1"}, "Linfocitos": {"valor": "", "unidad": "%", "referencia": "20–40"}, "Eritrocitos": {"valor": "", "unidad": "x10⁶/µL", "referencia": "♂ 4.5–5.9 / ♀ 4.0–5.2"}, "Hematocrito": {"valor": "", "unidad": "%", "referencia": "♂ 41–53 / ♀ 36–46"}, "Hemoglobina": {"valor": "", "unidad": "g/dL", "referencia": "♂ 13.5–17.5 / ♀ 12.0–16.0"}, "Eosinófilos": {"valor": "", "unidad": "%", "referencia": "1–4"}, "Neutrófilos": {"valor": "", "unidad": "%", "referencia": "50–70"}, "Leucocitos totales": {"valor": "", "unidad": "x10³/µL", "referencia": "4.0–10.0"}, "Monocitos absolutos": {"valor": "", "unidad": "x10³/µL", "referencia": "0.2–1.0"}, "Basófilos absolutos": {"valor": "", "unidad": "x10³/µL", "referencia": "0.00–0.1"}, "Linfocitos absolutos": {"valor": "", "unidad": "x10³/µL", "referencia": "1.0–3.5"}, "Eosinófilos absolutos": {"valor": "", "unidad": "x10³/µL", "referencia": "0.05–0.5"}, "Neutrófilos absolutos": {"valor": "", "unidad": "x10³/µL", "referencia": "2.0–7.0"}}}', 33),
	(2, '{"Examen de orina completo": {"pH": {"valor": "", "unidad": "N/A", "referencia": "4.5 – 8.0"}, "Color": {"valor": "", "unidad": "Descripción", "referencia": "Amarillo claro a ámbar"}, "Aspecto": {"valor": "", "unidad": "Descripción", "referencia": "Límpido"}, "Cetonas": {"valor": "", "unidad": "mg/dL", "referencia": "Negativo"}, "Glucosa": {"valor": "", "unidad": "mg/dL", "referencia": "Negativo"}, "Densidad": {"valor": "", "unidad": "N/A", "referencia": "1.005 – 1.030"}, "Nitritos": {"valor": "", "unidad": "N/A", "referencia": "Negativo"}, "Bacterias": {"valor": "", "unidad": "/campo", "referencia": "Ausentes"}, "Cilindros": {"valor": "", "unidad": "/campo", "referencia": "Ausentes"}, "Cristales": {"valor": "", "unidad": "Tipo", "referencia": "Ausentes"}, "Leucocitos": {"valor": "", "unidad": "/campo", "referencia": "0 – 5"}, "Proteínas": {"valor": "", "unidad": "mg/dL", "referencia": "Negativo"}, "Bilirrubina": {"valor": "", "unidad": "N/A", "referencia": "Negativo"}, "Eritrocitos": {"valor": "", "unidad": "/campo", "referencia": "0 – 3"}, "Urobilinógeno": {"valor": "", "unidad": "mg/dL", "referencia": "0.1 – 1.0"}, "Hemoglobina/Sangre": {"valor": "", "unidad": "N/A", "referencia": "Negativo"}, "Células epiteliales": {"valor": "", "unidad": "/campo", "referencia": "Escasas"}}}', 34),
	(3, '{"Perfil lipídico": {"Colesterol HDL": {"valor": "", "unidad": "mg/dL", "referencia": "> 40"}, "Colesterol LDL": {"valor": "", "unidad": "mg/dL", "referencia": "< 130"}, "Triglicéridos": {"valor": "", "unidad": "mg/dL", "referencia": "< 150"}, "Colesterol VLDL": {"valor": "", "unidad": "mg/dL", "referencia": "5 – 40"}, "Colesterol total": {"valor": "", "unidad": "mg/dL", "referencia": "< 200"}, "Relación Colesterol total/HDL": {"valor": "", "unidad": "N/A", "referencia": "< 5"}}}', 35),
	(4, '{"Glucemia": {"Glucosa casual": {"valor": "", "unidad": "mg/dL", "referencia": "< 200"}, "Glucosa en ayunas": {"valor": "", "unidad": "mg/dL", "referencia": "70 – 100"}, "Glucosa posprandial (2 h)": {"valor": "", "unidad": "mg/dL", "referencia": "< 140"}, "HbA1c (Hemoglobina glucosilada)": {"valor": "", "unidad": "%", "referencia": "4 – 5.6"}}}', 36),
	(5, '{"Pruebas de función hepática": {"INR": {"valor": "", "unidad": "N/A", "referencia": "0.8 – 1.2"}, "ALT (TGP)": {"valor": "", "unidad": "U/L", "referencia": "7 – 56"}, "AST (TGO)": {"valor": "", "unidad": "U/L", "referencia": "10 – 40"}, "Albúmina": {"valor": "", "unidad": "g/dL", "referencia": "3.5 – 5.0"}, "GGT (Gamma GT)": {"valor": "", "unidad": "U/L", "referencia": "9 – 48"}, "Bilirrubina total": {"valor": "", "unidad": "mg/dL", "referencia": "0.3 – 1.2"}, "Fosfatasa alcalina": {"valor": "", "unidad": "U/L", "referencia": "44 – 147"}, "Bilirrubina directa": {"valor": "", "unidad": "mg/dL", "referencia": "0 – 0.3"}, "Bilirrubina indirecta": {"valor": "", "unidad": "mg/dL", "referencia": "0.2 – 0.9"}, "Tiempo de protrombina (TP)": {"valor": "", "unidad": "segundos", "referencia": "11 – 13.5"}}}', 37),
	(6, '{"Pruebas de función renal": {"Urea (BUN)": {"valor": "", "unidad": "mg/dL", "referencia": "7 – 20"}, "Cloro sérico": {"valor": "", "unidad": "mEq/L", "referencia": "98 – 107"}, "Sodio sérico": {"valor": "", "unidad": "mEq/L", "referencia": "135 – 145"}, "Potasio sérico": {"valor": "", "unidad": "mEq/L", "referencia": "3.5 – 5.0"}, "Creatinina sérica": {"valor": "", "unidad": "mg/dL", "referencia": "0.6 – 1.3"}, "Bicarbonato (HCO3-)": {"valor": "", "unidad": "mEq/L", "referencia": "22 – 28"}, "Tasa de filtración glomerular estimada (TFGe/eGFR)": {"valor": "", "unidad": "mL/min/1.73 m²", "referencia": "> 90"}}}', 38),
	(7, '{"Electrocardiograma en reposo": {"Onda P": {"valor": "", "unidad": "descriptivo", "referencia": "Presente y normal", "interpretacion": ""}, "Onda Q": {"valor": "", "unidad": "descriptivo", "referencia": "Pequeña o ausente", "interpretacion": ""}, "Onda T": {"valor": "", "unidad": "descriptivo", "referencia": "Positiva en derivaciones normales", "interpretacion": ""}, "Bloqueos": {"valor": "", "unidad": "descriptivo", "referencia": "No presentes", "interpretacion": ""}, "Segmento ST": {"valor": "", "unidad": "descriptivo", "referencia": "Isoeléctrico", "interpretacion": ""}, "Intervalo PR": {"valor": "", "unidad": "segundos", "referencia": "0.12 - 0.20", "interpretacion": ""}, "Extrasístoles": {"valor": "", "unidad": "descriptivo", "referencia": "Ausentes", "interpretacion": ""}, "Ritmo cardíaco": {"valor": "", "unidad": "descriptivo", "referencia": "Ritmo sinusal regular", "interpretacion": ""}, "Diagnóstico ECG": {"valor": "", "unidad": "descriptivo", "referencia": "Normal o con hallazgos", "interpretacion": ""}, "Frecuencia cardíaca": {"valor": "", "unidad": "latidos/minuto", "referencia": "60 - 100", "interpretacion": ""}, "Duración del complejo QRS": {"valor": "", "unidad": "segundos", "referencia": "< 0.12", "interpretacion": ""}, "Eje eléctrico del corazón": {"valor": "", "unidad": "grados", "referencia": "-30° a +90°", "interpretacion": ""}, "Intervalo QT corregido (QTc)": {"valor": "", "unidad": "segundos", "referencia": "< 0.44", "interpretacion": ""}}}', 39),
	(8, '{"Prueba de alergia general": {"IgE total": {"valor": "", "unidad": "kU/L", "referencia": "0 – 100"}, "Alergia a mohos": {"valor": "", "unidad": "N/A", "referencia": "Negativo"}, "Alergia a polen": {"valor": "", "unidad": "N/A", "referencia": "Negativo"}, "Alergia a ácaros": {"valor": "", "unidad": "N/A", "referencia": "Negativo"}, "Diagnóstico de alergia": {"valor": "", "unidad": "N/A", "referencia": "Sin alergias o con hallazgos"}, "Alergia a alimentos comunes": {"valor": "", "unidad": "N/A", "referencia": "Negativo"}, "Alergia a epitelio de mascotas": {"valor": "", "unidad": "N/A", "referencia": "Negativo"}}}', 42),
	(9, '{"Perfil metabólico pediátrico": {"Urea": {"valor": "", "unidad": "mg/dL", "referencia": "7 – 20"}, "Cloro": {"valor": "", "unidad": "mEq/L", "referencia": "98 – 107"}, "Sodio": {"valor": "", "unidad": "mEq/L", "referencia": "135 – 145"}, "Calcio": {"valor": "", "unidad": "mg/dL", "referencia": "8.8 – 10.8"}, "Glucosa": {"valor": "", "unidad": "mg/dL", "referencia": "70 – 100"}, "Potasio": {"valor": "", "unidad": "mEq/L", "referencia": "3.5 – 5.0"}, "Fósforo": {"valor": "", "unidad": "mg/dL", "referencia": "4.5 – 6.5"}, "ALT (TGP)": {"valor": "", "unidad": "U/L", "referencia": "7 – 56"}, "AST (TGO)": {"valor": "", "unidad": "U/L", "referencia": "10 – 40"}, "Albúmina": {"valor": "", "unidad": "g/dL", "referencia": "3.5 – 5.0"}, "Creatinina": {"valor": "", "unidad": "mg/dL", "referencia": "0.3 – 1.0"}, "Bicarbonato": {"valor": "", "unidad": "mEq/L", "referencia": "22 – 28"}, "Bilirrubina total": {"valor": "", "unidad": "mg/dL", "referencia": "0.3 – 1.2"}, "Proteínas totales": {"valor": "", "unidad": "g/dL", "referencia": "6.0 – 8.0"}, "Bilirrubina directa": {"valor": "", "unidad": "mg/dL", "referencia": "0 – 0.3"}}}', 43),
	(10, '{"Prueba neonatal de hipotiroidismo": {"TSH": {"valor": "", "unidad": "µIU/mL", "referencia": "0.4 – 4.0"}, "T4 libre": {"valor": "", "unidad": "ng/dL", "referencia": "0.8 – 1.8"}, "Diagnóstico": {"valor": "", "unidad": "N/A", "referencia": "Normal o alterado"}}}', 44),
	(11, '{"Pruebas de alergia pediátricas": {"IgE total": {"valor": "", "unidad": "kU/L", "referencia": "0 – 100"}, "Alergia a mohos": {"valor": "", "unidad": "N/A", "referencia": "Negativo"}, "Alergia a polen": {"valor": "", "unidad": "N/A", "referencia": "Negativo"}, "Alergia a ácaros": {"valor": "", "unidad": "N/A", "referencia": "Negativo"}, "Diagnóstico de alergia": {"valor": "", "unidad": "N/A", "referencia": "Sin alergias o con hallazgos"}, "Alergia a alimentos comunes": {"valor": "", "unidad": "N/A", "referencia": "Negativo"}, "Alergia a epitelio de mascotas": {"valor": "", "unidad": "N/A", "referencia": "Negativo"}}}', 48),
	(12, '{"Cultivo de orina pediátrico": {"Leucocitos": {"valor": "", "unidad": "/campo", "referencia": "0 – 5"}, "Proteínas": {"valor": "", "unidad": "mg/dL", "referencia": "Negativo"}, "Eritrocitos": {"valor": "", "unidad": "/campo", "referencia": "0 – 3"}, "Diagnóstico": {"valor": "", "unidad": "N/A", "referencia": "Negativo o positivo"}, "Recuento bacteriano": {"valor": "", "unidad": "UFC/mL", "referencia": "< 10^5"}}}', 49),
	(13, '{"Perfil hormonal femenino": {"LH": {"valor": "", "unidad": "mIU/mL", "referencia": "5 – 20 (fase folicular)"}, "FSH": {"valor": "", "unidad": "mIU/mL", "referencia": "4.7 – 21.5 (fase folicular)"}, "Prolactina": {"valor": "", "unidad": "ng/mL", "referencia": "4.8 – 23.3"}, "Progesterona": {"valor": "", "unidad": "ng/mL", "referencia": "0.1 – 0.8 (fase folicular)"}, "Testosterona": {"valor": "", "unidad": "ng/dL", "referencia": "20 – 80"}, "Estradiol (E2)": {"valor": "", "unidad": "pg/mL", "referencia": "19 – 144 (fase folicular)"}, "Diagnóstico hormonal": {"valor": "", "unidad": "N/A", "referencia": "Normal o alterado"}}}', 53),
	(14, '{"Prueba de fertilidad básica": {"Estradiol": {"valor": "", "unidad": "pg/mL", "referencia": "19 – 144"}, "Hormona LH": {"valor": "", "unidad": "mIU/mL", "referencia": "5 – 20"}, "Prolactina": {"valor": "", "unidad": "ng/mL", "referencia": "4.8 – 23.3"}, "Hormona FSH": {"valor": "", "unidad": "mIU/mL", "referencia": "4.7 – 21.5"}, "Progesterona": {"valor": "", "unidad": "ng/mL", "referencia": "0.1 – 0.8"}, "Diagnóstico de fertilidad básica": {"valor": "", "unidad": "N/A", "referencia": "Normal o alterado"}}}', 54),
	(15, '{"Prueba de fertilidad avanzada": {"Inhibina B": {"valor": "", "unidad": "pg/mL", "referencia": "45 – 300"}, "Estradiol basal": {"valor": "", "unidad": "pg/mL", "referencia": "19 – 144"}, "Antral follicle count (AFC)": {"valor": "", "unidad": "N/A", "referencia": "5 – 15 folículos"}, "AMH (Hormona antimülleriana)": {"valor": "", "unidad": "ng/mL", "referencia": "1.0 – 4.0"}, "Diagnóstico de fertilidad avanzada": {"valor": "", "unidad": "N/A", "referencia": "Normal o alterado"}}}', 55),
	(16, '{"Examen Papanicolaou": {"Diagnóstico": {"valor": "", "unidad": "descriptivo", "referencia": "Normal o anormal"}, "Tipo de muestra": {"valor": "", "unidad": "descriptivo", "referencia": "Células cervicales obtenidas"}, "Resultado citológico": {"valor": "", "unidad": "descriptivo", "referencia": "Negativo, ASC-US, LSIL, HSIL, etc."}, "Presencia de infección": {"valor": "", "unidad": "descriptivo", "referencia": "Ausente o presente"}, "Presencia de inflamación": {"valor": "", "unidad": "descriptivo", "referencia": "Ausente o presente"}}}', 56),
	(17, '{"Biopsia endometrial": {"Histología": {"valor": "", "unidad": "descriptivo", "referencia": "Normal, hiperplasia, atipia, etc."}, "Diagnóstico": {"valor": "", "unidad": "descriptivo", "referencia": "Normal o alterado"}, "Inflamación": {"valor": "", "unidad": "descriptivo", "referencia": "Ausente o presente"}, "Tipo de muestra": {"valor": "", "unidad": "descriptivo", "referencia": "Tejido endometrial obtenido"}}}', 58),
	(18, '{"Examen de orina en embarazo": {"Color": {"valor": "", "unidad": "descriptivo", "referencia": "Amarillo claro a ámbar"}, "Aspecto": {"valor": "", "unidad": "descriptivo", "referencia": "Límpido"}, "Glucosa": {"valor": "", "unidad": "mg/dL", "referencia": "Negativo"}, "Densidad": {"valor": "", "unidad": "N/A", "referencia": "1.005 – 1.030"}, "Bacterias": {"valor": "", "unidad": "/campo", "referencia": "Ausentes"}, "Leucocitos": {"valor": "", "unidad": "/campo", "referencia": "0 – 5"}, "Proteínas": {"valor": "", "unidad": "mg/dL", "referencia": "Negativo"}, "Eritrocitos": {"valor": "", "unidad": "/campo", "referencia": "0 – 3"}, "Diagnóstico": {"valor": "", "unidad": "descriptivo", "referencia": "Normal o con hallazgos"}}}', 59),
	(19, '{"Pruebas de alergia dermatológica": {"IgE total": {"valor": "", "unidad": "kU/L", "referencia": "0 – 100"}, "Alergia a látex": {"valor": "", "unidad": "N/A", "referencia": "Negativo"}, "Alergia a metales": {"valor": "", "unidad": "N/A", "referencia": "Negativo"}, "Alergia a fragancias": {"valor": "", "unidad": "N/A", "referencia": "Negativo"}, "Alergia a productos cosméticos": {"valor": "", "unidad": "N/A", "referencia": "Negativo"}, "Diagnóstico de alergia dermatológica": {"valor": "", "unidad": "N/A", "referencia": "Sin alergias o con hallazgos"}}}', 62),
	(20, '{"Prueba del parche (epicutánea)": {"Zona A": {"valor": "", "unidad": "descriptivo", "referencia": "Negativo o reacción leve/moderada/severa"}, "Zona B": {"valor": "", "unidad": "descriptivo", "referencia": "Negativo o reacción leve/moderada/severa"}, "Zona C": {"valor": "", "unidad": "descriptivo", "referencia": "Negativo o reacción leve/moderada/severa"}, "Zona D": {"valor": "", "unidad": "descriptivo", "referencia": "Negativo o reacción leve/moderada/severa"}, "Diagnóstico": {"valor": "", "unidad": "descriptivo", "referencia": "Normal o alterado"}}}', 63),
	(21, '{"Biopsia de piel": {"Histología": {"valor": "", "unidad": "descriptivo", "referencia": "Normal, inflamatoria, tumoral, etc."}, "Diagnóstico": {"valor": "", "unidad": "descriptivo", "referencia": "Normal o alterado"}, "Inflamación": {"valor": "", "unidad": "descriptivo", "referencia": "Ausente o presente"}, "Tipo de muestra": {"valor": "", "unidad": "descriptivo", "referencia": "Tejido dérmico/epidérmico obtenido"}}}', 64),
	(22, '{"Cultivo micológico": {"Resultado": {"valor": "", "unidad": "descriptivo", "referencia": "Negativo o crecimiento fúngico identificado"}, "Observación": {"valor": "", "unidad": "N/A", "referencia": "Sin desarrollo de hongos patógenos"}, "Tipo de muestra": {"valor": "", "unidad": "N/A", "referencia": "Piel, uña, cabello u otra"}}}', 65),
	(23, '{"Examen bacteriológico de piel": {"Gram": {"valor": "", "unidad": "descriptivo", "referencia": "Gram positivo o negativo"}, "Cultivo": {"valor": "", "unidad": "descriptivo", "referencia": "Sin crecimiento / crecimiento bacteriano"}, "Tipo de muestra": {"valor": "", "unidad": "N/A", "referencia": "Hisopo de piel o lesión"}, "Sensibilidad antibiótica": {"valor": "", "unidad": "N/A", "referencia": "Antibióticos efectivos listados"}}}', 66),
	(24, '{"Electrocardiograma de esfuerzo": {"Onda P": {"valor": "", "unidad": "descriptivo", "referencia": "Presente y normal", "interpretacion": ""}, "Onda Q": {"valor": "", "unidad": "descriptivo", "referencia": "Pequeña o ausente", "interpretacion": ""}, "Onda T": {"valor": "", "unidad": "descriptivo", "referencia": "Positiva en derivaciones normales", "interpretacion": ""}, "Segmento ST": {"valor": "", "unidad": "descriptivo", "referencia": "Isoeléctrico", "interpretacion": ""}, "Intervalo PR": {"valor": "", "unidad": "segundos", "referencia": "0.12 - 0.20", "interpretacion": ""}, "Frecuencia cardíaca": {"valor": "", "unidad": "latidos/minuto", "referencia": "60 - 100", "interpretacion": ""}}}', 70),
	(25, '{"Holter de 24 horas": {"Intervalo QTc": {"valor": "", "unidad": "segundos", "referencia": "< 0.44", "interpretacion": ""}, "Eje eléctrico": {"valor": "", "unidad": "grados", "referencia": "-30° a +90°", "interpretacion": ""}, "Extrasístoles": {"valor": "", "unidad": "descriptivo", "referencia": "Ausentes", "interpretacion": ""}, "Ritmo cardíaco": {"valor": "", "unidad": "descriptivo", "referencia": "Ritmo sinusal regular", "interpretacion": ""}}}', 71),
	(26, '{"Prueba de esfuerzo ergométrica": {"Duración": {"valor": "", "unidad": "minutos", "referencia": "Según protocolo"}, "Síntomas": {"valor": "", "unidad": "descriptivo", "referencia": "Ausentes o presentes"}, "Presión arterial": {"valor": "", "unidad": "mmHg", "referencia": "Durante ejercicio"}, "Frecuencia cardíaca máxima": {"valor": "", "unidad": "latidos/minuto", "referencia": "Calculada"}}}', 72),
	(27, '{"Prueba de función cardíaca basal": {"Presión arterial": {"valor": "", "unidad": "mmHg", "referencia": "120/80"}, "Frecuencia cardíaca": {"valor": "", "unidad": "latidos/minuto", "referencia": "60-100"}, "Saturación de oxígeno": {"valor": "", "unidad": "%", "referencia": "95–100"}}}', 76),
	(28, '{"Prueba de esfuerzo farmacológica": {"Síntomas": {"valor": "", "unidad": "descriptivo", "referencia": "Ausentes o presentes"}, "Medicación": {"valor": "", "unidad": "mg", "referencia": "Segun protocolo"}, "Presión arterial": {"valor": "", "unidad": "mmHg", "referencia": "Durante prueba"}, "Frecuencia cardíaca": {"valor": "", "unidad": "latidos/minuto", "referencia": "Calculada"}}}', 77),
	(29, '{"Prueba de variabilidad cardíaca": {"HRV": {"valor": "", "unidad": "ms", "referencia": "Valores normales según edad"}, "Intervalos RR": {"valor": "", "unidad": "ms", "referencia": "Normal"}}}', 78),
	(30, '{"Espirometría simple": {"FVC": {"valor": "", "unidad": "L", "referencia": "≥ 80% del predicho"}, "FEV1": {"valor": "", "unidad": "L", "referencia": "≥ 80% del predicho"}, "FEV1/FVC": {"valor": "", "unidad": "%", "referencia": "≥ 70%"}}}', 79),
	(31, '{"Espirometría forzada": {"FVC": {"valor": "", "unidad": "L", "referencia": "≥ 80%"}, "PEF": {"valor": "", "unidad": "L/min", "referencia": "Segun tabla de referencia"}, "FEV1": {"valor": "", "unidad": "L", "referencia": "≥ 80%"}, "FEV1/FVC": {"valor": "", "unidad": "%", "referencia": "≥ 70%"}}}', 80),
	(32, '{"Prueba broncodilatadora": {"FEV1 basal": {"valor": "", "unidad": "L", "referencia": "Medición inicial"}, "FEV1 post-broncodilatador": {"valor": "", "unidad": "L", "referencia": "Evaluar mejora ≥ 12%"}}}', 81),
	(33, '{"Prueba de difusión pulmonar": {"DLCO": {"valor": "", "unidad": "mL/min/mmHg", "referencia": "≥ 80%"}, "Capacidad pulmonar total": {"valor": "", "unidad": "L", "referencia": "≥ 80%"}}}', 82),
	(34, '{"Prueba de función pulmonar completa": {"FVC": {"valor": "", "unidad": "L", "referencia": "≥ 80%"}, "DLCO": {"valor": "", "unidad": "mL/min/mmHg", "referencia": "≥ 80%"}, "FEV1": {"valor": "", "unidad": "L", "referencia": "≥ 80%"}, "FEV1/FVC": {"valor": "", "unidad": "%", "referencia": "≥ 70%"}}}', 83),
	(35, '{"Prueba de resistencia de vías aéreas": {"Valor": {"valor": "", "unidad": "cmH2O/L/s", "referencia": "Según referencia"}, "Interpretación": {"valor": "", "unidad": "descriptivo", "referencia": "Normal / Aumentada / Disminuida"}}}', 84),
	(36, '{"Test de marcha de 6 minutos": {"Distancia recorrida": {"valor": "", "unidad": "m", "referencia": "≥ 400 m en adultos"}, "Frecuencia cardíaca": {"valor": "", "unidad": "latidos/minuto", "referencia": "Según edad y condición física"}, "Saturación de oxígeno": {"valor": "", "unidad": "%", "referencia": "≥ 95%"}}}', 85),
	(37, '{"Perfil tiroideo completo": {"T3": {"valor": "", "unidad": "ng/dL", "referencia": "0.6 – 1.8"}, "TSH": {"valor": "", "unidad": "µIU/mL", "referencia": "0.4 – 4.0"}, "T4 libre": {"valor": "", "unidad": "ng/dL", "referencia": "0.8 – 1.8"}, "Anticuerpos antitiroideos": {"valor": "", "unidad": "N/A", "referencia": "Negativo"}}}', 89),
	(38, '{"Prueba de TSH": {"TSH": {"valor": "", "unidad": "µIU/mL", "referencia": "0.4 – 4.0"}}}', 90),
	(39, '{"Prueba de T4 libre": {"T4 libre": {"valor": "", "unidad": "ng/dL", "referencia": "0.8 – 1.8"}}}', 91),
	(40, '{"Prueba de T3": {"T3": {"valor": "", "unidad": "ng/dL", "referencia": "0.6 – 1.8"}}}', 92),
	(41, '{"Prueba de anticuerpos antitiroideos": {"Anti-Tg": {"valor": "", "unidad": "UI/mL", "referencia": "< 20"}, "Anti-TPO": {"valor": "", "unidad": "UI/mL", "referencia": "< 35"}}}', 93),
	(42, '{"Perfil glucémico": {"Glucemia basal": {"valor": "", "unidad": "mg/dL", "referencia": "70–99"}, "Glucemia posprandial": {"valor": "", "unidad": "mg/dL", "referencia": "< 140"}}}', 94),
	(43, '{"Prueba de tolerancia a la glucosa": {"Glucosa 0 min": {"valor": "", "unidad": "mg/dL", "referencia": "70–99"}, "Glucosa 120 min": {"valor": "", "unidad": "mg/dL", "referencia": "< 140"}}}', 95),
	(44, '{"Prueba de insulina basal": {"Insulina": {"valor": "", "unidad": "µIU/mL", "referencia": "2–25"}}}', 96),
	(45, '{"Prueba de hemoglobina glicosilada": {"HbA1c": {"valor": "", "unidad": "%", "referencia": "4–5.6"}}}', 97),
	(46, '{"Uroanálisis completo": {"pH": {"valor": "", "unidad": "", "referencia": "4.5–8.0"}, "Color": {"valor": "", "unidad": "descriptivo", "referencia": "Amarillo claro"}, "Aspecto": {"valor": "", "unidad": "descriptivo", "referencia": "Transparente"}, "Glucosa": {"valor": "", "unidad": "mg/dL", "referencia": "Negativo"}, "Densidad": {"valor": "", "unidad": "g/mL", "referencia": "1.005–1.030"}, "Leucocitos": {"valor": "", "unidad": "x10³/µL", "referencia": "0–5"}, "Proteínas": {"valor": "", "unidad": "mg/dL", "referencia": "Negativo"}, "Bilirrubina": {"valor": "", "unidad": "mg/dL", "referencia": "Negativo"}, "Eritrocitos": {"valor": "", "unidad": "x10³/µL", "referencia": "0–3"}, "Hemoglobina": {"valor": "", "unidad": "mg/dL", "referencia": "Negativo"}, "Cuerpos cetónicos": {"valor": "", "unidad": "mg/dL", "referencia": "Negativo"}}}', 118),
	(47, '{"Flujometría urinaria": {"Flujo máximo": {"valor": "", "unidad": "mL/s", "referencia": "≥ 15"}, "Volumen expulsado": {"valor": "", "unidad": "mL", "referencia": "≥ 150"}}}', 122),
	(48, '{"Estudio de próstata (PSA)": {"PSA libre": {"valor": "", "unidad": "ng/mL", "referencia": "≥ 0.1"}, "PSA total": {"valor": "", "unidad": "ng/mL", "referencia": "< 4"}}}', 123),
	(49, '{"Cultivo de orina": {"Tipo de muestra": {"valor": "", "unidad": "N/A", "referencia": "Orina midstream"}, "Crecimiento bacteriano": {"valor": "", "unidad": "descriptivo", "referencia": "Negativo / Positivo"}, "Sensibilidad antibiótica": {"valor": "", "unidad": "N/A", "referencia": "Segun antibiograma"}}}', 124),
	(50, '{"Perfil inflamatorio": {"PCR": {"valor": "", "unidad": "mg/L", "referencia": "< 5"}, "VSG": {"valor": "", "unidad": "mm/h", "referencia": "Hombres: 0–15 / Mujeres: 0–20"}, "Fibrinógeno": {"valor": "", "unidad": "mg/dL", "referencia": "200–400"}}}', 126),
	(51, '{"Factor reumatoide": {"FR": {"valor": "", "unidad": "UI/mL", "referencia": "< 14"}}}', 127),
	(52, '{"Anticuerpos anti-CCP": {"Anti-CCP": {"valor": "", "unidad": "U/mL", "referencia": "< 20"}}}', 128),
	(53, '{"Análisis de líquido sinovial": {"Aspecto": {"valor": "", "unidad": "descriptivo", "referencia": "Transparente / Amarillento"}, "Células": {"valor": "", "unidad": "x10³/µL", "referencia": "0–200"}, "Viscosidad": {"valor": "", "unidad": "descriptivo", "referencia": "Normal"}}}', 129),
	(54, '{"Pruebas HLA-B27": {"HLA-B27": {"valor": "", "unidad": "descriptivo", "referencia": "Negativo / Positivo"}}}', 134),
	(55, '{"Test de Helicobacter pylori": {"Antígeno H. pylori": {"valor": "", "unidad": "descriptivo", "referencia": "Negativo / Positivo"}}}', 140),
	(56, '{"Biopsia gastrointestinal": {"Tipo de tejido": {"valor": "", "unidad": "N/A", "referencia": "Mucosa gástrica / Intestinal"}, "Hallazgos histológicos": {"valor": "", "unidad": "descriptivo", "referencia": "Normal / Patológico"}}}', 141),
	(57, '{"pHmetría esofágica": {"pH promedio": {"valor": "", "unidad": "pH", "referencia": "4–7"}, "Reflujo ácido": {"valor": "", "unidad": "episodios", "referencia": "< 5%"}}}', 144),
	(58, '{"Electroencefalograma (EEG)": {"Ritmo alfa": {"valor": "", "unidad": "Hz", "referencia": "8–13"}, "Actividad delta": {"valor": "", "unidad": "Hz", "referencia": "0–4"}, "Actividad theta": {"valor": "", "unidad": "Hz", "referencia": "4–7"}}}', 145),
	(59, '{"Potenciales evocados visuales": {"Amplitud P100": {"valor": "", "unidad": "µV", "referencia": "5–15"}, "Latencia P100": {"valor": "", "unidad": "ms", "referencia": "≈100"}}}', 146),
	(60, '{"Estudio de conducción nerviosa": {"Velocidad de conducción motora": {"valor": "", "unidad": "m/s", "referencia": "50–60"}, "Velocidad de conducción sensitiva": {"valor": "", "unidad": "m/s", "referencia": "50–60"}}}', 149),
	(61, '{"Electromiografía (EMG)": {"Actividad en reposo": {"valor": "", "unidad": "descriptivo", "referencia": "Ausente"}, "Potenciales de unidad motora": {"valor": "", "unidad": "descriptivo", "referencia": "Normal"}}}', 150),
	(62, '{"Monitorización ambulatoria de EEG": {"Actividad general": {"valor": "", "unidad": "descriptivo", "referencia": "Normal"}, "Eventos paroxísticos": {"valor": "", "unidad": "descriptivo", "referencia": "Ausentes"}}}', 151),
	(63, '{"Marcadores tumorales": {"AFP": {"valor": "", "unidad": "ng/mL", "referencia": "< 10"}, "CEA": {"valor": "", "unidad": "ng/mL", "referencia": "< 5"}, "CA 19-9": {"valor": "", "unidad": "U/mL", "referencia": "< 37"}}}', 157),
	(64, '{"Examen de laboratorio prequirúrgico": {"Hemograma": {"valor": "", "unidad": "x10³/µL", "referencia": "4.0–10.0"}, "Coagulación": {"valor": "", "unidad": "segundos", "referencia": "Normal"}, "Bioquímica básica": {"valor": "", "unidad": "mg/dL", "referencia": "Normal"}}}', 158),
	(65, '{"Electrocardiograma prequirúrgico": {"Onda P": {"valor": "", "unidad": "descriptivo", "referencia": "Presente y normal"}, "Onda Q": {"valor": "", "unidad": "descriptivo", "referencia": "Pequeña o ausente"}, "Onda T": {"valor": "", "unidad": "descriptivo", "referencia": "Positiva en derivaciones normales"}}}', 159),
	(66, '{"Prueba de función pulmonar": {"Relación VEF1/CVF": {"valor": "", "unidad": "%", "referencia": "≥70"}, "Capacidad vital forzada (CVF)": {"valor": "", "unidad": "L", "referencia": "≈4"}, "Volumen espiratorio forzado (VEF1)": {"valor": "", "unidad": "L", "referencia": "≈3"}}}', 160),
	(67, '{"Biopsia de tejidos": {"Observaciones": {"valor": "", "unidad": "descriptivo", "referencia": ""}, "Tipo de tejido": {"valor": "", "unidad": "descriptivo", "referencia": "Normal / Patológico"}}}', 161),
	(68, '{"Biopsia tumoral": {"Tipo de tumor": {"valor": "", "unidad": "descriptivo", "referencia": ""}, "Hallazgos histológicos": {"valor": "", "unidad": "descriptivo", "referencia": ""}}}', 163),
	(69, '{"Pruebas hematológicas": {"Hemograma completo": {"Plaquetas": {"valor": "", "unidad": "x10³/µL", "referencia": "150–450"}, "Hematocrito": {"valor": "", "unidad": "%", "referencia": "♂41–53 / ♀36–46"}, "Hemoglobina": {"valor": "", "unidad": "g/dL", "referencia": "♂13.5–17.5 / ♀12–16"}}}}', 168),
	(70, '{"Estudios de función hepática y renal": {"Urea": {"valor": "", "unidad": "mg/dL", "referencia": "15–45"}, "Creatinina": {"valor": "", "unidad": "mg/dL", "referencia": "0.6–1.3"}, "Bilirrubina": {"valor": "", "unidad": "mg/dL", "referencia": "0.1–1.2"}}}', 170),
	(71, '{"Estudio de perfusión tisular": {"Saturación tisular": {"valor": "", "unidad": "%", "referencia": "Normal"}, "Flujo sanguíneo regional": {"valor": "", "unidad": "mL/min/100g", "referencia": "Normal"}}}', 180),
	(72, '{"Pruebas de función pulmonar": {"CVF": {"valor": "", "unidad": "L", "referencia": "≈4"}, "VEF1": {"valor": "", "unidad": "L", "referencia": "≈3"}, "Relación VEF1/CVF": {"valor": "", "unidad": "%", "referencia": "≥70"}}}', 184),
	(73, '{"Marcadores tumorales pulmonares": {"CEA": {"valor": "", "unidad": "ng/mL", "referencia": "< 5"}, "NSE": {"valor": "", "unidad": "ng/mL", "referencia": "< 16"}, "CYFRA 21-1": {"valor": "", "unidad": "ng/mL", "referencia": "< 3.3"}}}', 186),
	(74, '{"Examen preoperatorio general": {"Hemograma": {"valor": "", "unidad": "x10³/µL", "referencia": "4.0–10.0"}, "Bioquímica": {"valor": "", "unidad": "mg/dL", "referencia": "Normal"}, "Coagulación": {"valor": "", "unidad": "segundos", "referencia": "Normal"}}}', 188),
	(75, '{"Biopsia pulmonar": {"Observaciones": {"valor": "", "unidad": "descriptivo", "referencia": ""}, "Tipo de tejido": {"valor": "", "unidad": "descriptivo", "referencia": "Normal / Patológico"}}}', 189),
	(76, '{"Biopsia cutánea": {"Observaciones": {"valor": "", "unidad": "descriptivo", "referencia": ""}, "Tipo de tejido": {"valor": "", "unidad": "descriptivo", "referencia": "Normal / Patológico"}}}', 193),
	(77, '{"Laboratorio preoperatorio": {"Hemograma": {"valor": "", "unidad": "x10³/µL", "referencia": "4.0–10.0"}, "Bioquímica": {"valor": "", "unidad": "mg/dL", "referencia": "Normal"}, "Coagulación": {"valor": "", "unidad": "segundos", "referencia": "Normal"}}}', 194),
	(78, '{"Evaluación de coagulación": {"TP": {"valor": "", "unidad": "segundos", "referencia": "11–15"}, "INR": {"valor": "", "unidad": "", "referencia": "0.8–1.2"}, "TTPA": {"valor": "", "unidad": "segundos", "referencia": "25–35"}, "Fibrinógeno": {"valor": "", "unidad": "mg/dL", "referencia": "200–400"}}}', 195),
	(79, '{"Estudio de función respiratoria": {"CVF": {"valor": "", "unidad": "L", "referencia": "≈4"}, "VEF1": {"valor": "", "unidad": "L", "referencia": "≈3"}, "Relación VEF1/CVF": {"valor": "", "unidad": "%", "referencia": "≥70"}}}', 199),
	(80, '{"Electrocardiograma preoperatorio": {"Onda P": {"valor": "", "unidad": "descriptivo", "referencia": "Presente y normal"}, "Onda Q": {"valor": "", "unidad": "descriptivo", "referencia": "Pequeña o ausente"}, "Onda T": {"valor": "", "unidad": "descriptivo", "referencia": "Positiva en derivaciones normales"}}}', 203),
	(81, '{"Pruebas de función pulmonar": {"CVF": {"valor": "", "unidad": "L", "referencia": "≈4"}, "VEF1": {"valor": "", "unidad": "L", "referencia": "≈3"}, "Relación VEF1/CVF": {"valor": "", "unidad": "%", "referencia": "≥70"}}}', 204),
	(82, '{"Biopsia ósea": {"Observaciones": {"valor": "", "unidad": "descriptivo", "referencia": ""}, "Tipo de tejido": {"valor": "", "unidad": "descriptivo", "referencia": "Normal / Patológico"}}}', 205),
	(83, '{"Monitoreo hemodinámico": {"Presión arterial": {"valor": "", "unidad": "mmHg", "referencia": "120/80"}, "Frecuencia cardíaca": {"valor": "", "unidad": "latidos/minuto", "referencia": "60–100"}}}', 207),
	(84, '{"Gasometría arterial": {"pH": {"valor": "", "unidad": "", "referencia": "7.35–7.45"}, "HCO3": {"valor": "", "unidad": "mEq/L", "referencia": "22–26"}, "PaO2": {"valor": "", "unidad": "mmHg", "referencia": "75–100"}, "PaCO2": {"valor": "", "unidad": "mmHg", "referencia": "35–45"}}}', 208),
	(85, '{"Electrocardiograma continuo": {"Onda P": {"valor": "", "unidad": "descriptivo", "referencia": "Presente y normal"}, "Onda Q": {"valor": "", "unidad": "descriptivo", "referencia": "Pequeña o ausente"}, "Onda T": {"valor": "", "unidad": "descriptivo", "referencia": "Positiva en derivaciones normales"}}}', 209),
	(86, '{"Laboratorio clínico completo": {"Hemograma": {"valor": "", "unidad": "x10³/µL", "referencia": "4.0–10.0"}, "Bioquímica": {"valor": "", "unidad": "mg/dL", "referencia": "Normal"}, "Coagulación": {"valor": "", "unidad": "segundos", "referencia": "Normal"}}}', 212),
	(87, '{"Monitoreo de presión intracraneal": {"Presión media": {"valor": "", "unidad": "mmHg", "referencia": "7–15"}, "Picos de presión": {"valor": "", "unidad": "mmHg", "referencia": "<20"}}}', 213),
	(88, '{"Monitoreo intraoperatorio": {"Presión arterial": {"valor": "", "unidad": "mmHg", "referencia": "120/80"}, "Frecuencia cardíaca": {"valor": "", "unidad": "latidos/minuto", "referencia": "60–100"}}}', 215),
	(90, '{"Monitoreo de oxigenación y ventilación": {"Saturación O2": {"valor": "", "unidad": "%", "referencia": "95–100"}, "Frecuencia respiratoria": {"valor": "", "unidad": "rpm", "referencia": "12–20"}}}', 217),
	(91, '{"Evaluación respiratoria preoperatoria": {"CVF": {"valor": "", "unidad": "L", "referencia": "≈4"}, "VEF1": {"valor": "", "unidad": "L", "referencia": "≈3"}, "Relación VEF1/CVF": {"valor": "", "unidad": "%", "referencia": "≥70"}}}', 218),
	(92, '{"Laboratorio preoperatorio": {"Hemograma": {"valor": "", "unidad": "x10³/µL", "referencia": "4.0–10.0"}, "Bioquímica": {"valor": "", "unidad": "mg/dL", "referencia": "Normal"}, "Coagulación": {"valor": "", "unidad": "segundos", "referencia": "Normal"}}}', 219),
	(93, '{"Monitorización neurológica": {"Ritmo EEG": {"valor": "", "unidad": "Hz", "referencia": "Normal"}, "Eventos paroxísticos": {"valor": "", "unidad": "descriptivo", "referencia": "Ausentes"}}}', 220),
	(94, '{"Electroencefalograma en pacientes críticos": {"Ritmo EEG": {"valor": "", "unidad": "Hz", "referencia": "Normal"}, "Eventos paroxísticos": {"valor": "", "unidad": "descriptivo", "referencia": "Ausentes"}}}', 221),
	(95, '{"Evaluación laboratorio neurocrítico": {"Hemograma": {"valor": "", "unidad": "x10³/µL", "referencia": "4.0–10.0"}, "Bioquímica": {"valor": "", "unidad": "mg/dL", "referencia": "Normal"}, "Coagulación": {"valor": "", "unidad": "segundos", "referencia": "Normal"}}}', 223),
	(96, '{"Monitoreo de presión intracraneal": {"Presión media": {"valor": "", "unidad": "mmHg", "referencia": "7–15"}, "Picos de presión": {"valor": "", "unidad": "mmHg", "referencia": "<20"}}}', 224),
	(97, '{"Gasometría arterial pre y post ejercicio": {"pH": {"valor": "", "unidad": "", "referencia": "7.35–7.45"}, "HCO3": {"valor": "", "unidad": "mEq/L", "referencia": "22–26"}, "PaO2": {"valor": "", "unidad": "mmHg", "referencia": "75–100"}, "PaCO2": {"valor": "", "unidad": "mmHg", "referencia": "35–45"}}}', 225),
	(98, '{"Monitoreo de signos vitales": {"Saturación O2": {"valor": "", "unidad": "%", "referencia": "95–100"}, "Presión arterial": {"valor": "", "unidad": "mmHg", "referencia": "120/80"}, "Frecuencia cardíaca": {"valor": "", "unidad": "latidos/minuto", "referencia": "60–100"}, "Frecuencia respiratoria": {"valor": "", "unidad": "rpm", "referencia": "12–20"}}}', 230),
	(99, '{"Laboratorio básico": {"Hemograma": {"valor": "", "unidad": "x10³/µL", "referencia": "4.0–10.0"}, "Bioquímica": {"valor": "", "unidad": "mg/dL", "referencia": "Normal"}, "Coagulación": {"valor": "", "unidad": "segundos", "referencia": "Normal"}}}', 231),
	(100, '{"Electrocardiograma": {"Onda P": {"valor": "", "unidad": "descriptivo", "referencia": "Presente y normal"}, "Onda Q": {"valor": "", "unidad": "descriptivo", "referencia": "Pequeña o ausente"}, "Onda T": {"valor": "", "unidad": "descriptivo", "referencia": "Positiva en derivaciones normales"}}}', 232),
	(101, '{"Evaluación nutricional": {"IMC": {"valor": "", "unidad": "kg/m²", "referencia": "Normal"}, "Peso": {"valor": "", "unidad": "kg", "referencia": "Segun percentil"}, "Talla": {"valor": "", "unidad": "cm", "referencia": "Segun percentil"}, "Perímetro cefálico": {"valor": "", "unidad": "cm", "referencia": "Segun percentil"}}}', 235),
	(102, '{"Coagulación (TP, TTPA, INR, Fibrinógeno)": {"TP": {"valor": "", "unidad": "segundos", "referencia": "11–15"}, "INR": {"valor": "", "unidad": "", "referencia": "0.8–1.2"}, "TTPA": {"valor": "", "unidad": "segundos", "referencia": "25–35"}, "Fibrinógeno": {"valor": "", "unidad": "mg/dL", "referencia": "200–400"}}}', 236),
	(103, '{"Perfil tiroideo neonatal": {"TSH": {"valor": "", "unidad": "µIU/mL", "referencia": "0.7–15"}, "T4 libre": {"valor": "", "unidad": "µg/dL", "referencia": "0.8–2.0"}}}', 241),
	(104, '{"Pruebas hematológicas": {"VSG": {"valor": "", "unidad": "mm/h", "referencia": "0–20"}, "Hemograma": {"valor": "", "unidad": "x10³/µL", "referencia": "4.0–10.0"}, "Plaquetas": {"valor": "", "unidad": "x10³/µL", "referencia": "150–450"}}}', 245),
	(105, '{"Pruebas de coagulación": {"TP": {"valor": "", "unidad": "segundos", "referencia": "11–15"}, "INR": {"valor": "", "unidad": "", "referencia": "0.8–1.2"}, "TTPA": {"valor": "", "unidad": "segundos", "referencia": "25–35"}}}', 251),
	(106, '{"Estudio de perfusión tisular": {"Saturación O2": {"valor": "", "unidad": "%", "referencia": "95–100"}, "Presión arterial": {"valor": "", "unidad": "mmHg", "referencia": "120/80"}}}', 255),
	(107, '{"Estudio de función respiratoria": {"CVF": {"valor": "", "unidad": "L", "referencia": "≈4"}, "VEF1": {"valor": "", "unidad": "L", "referencia": "≈3"}, "Relación VEF1/CVF": {"valor": "", "unidad": "%", "referencia": "≥70"}}}', 259),
	(108, '{"Electrocardiograma preoperatorio": {"Onda P": {"valor": "", "unidad": "descriptivo", "referencia": "Presente y normal"}, "Onda Q": {"valor": "", "unidad": "descriptivo", "referencia": "Pequeña o ausente"}, "Onda T": {"valor": "", "unidad": "descriptivo", "referencia": "Positiva en derivaciones normales"}}}', 263),
	(109, '{"Pruebas de función pulmonar": {"CVF": {"valor": "", "unidad": "L", "referencia": "≈4"}, "VEF1": {"valor": "", "unidad": "L", "referencia": "≈3"}, "Relación VEF1/CVF": {"valor": "", "unidad": "%", "referencia": "≥70"}}}', 264),
	(110, '{"Biopsia ósea": {"Observaciones": {"valor": "", "unidad": "descriptivo", "referencia": ""}, "Tipo de tejido": {"valor": "", "unidad": "descriptivo", "referencia": "Normal / Patológico"}}}', 265),
	(111, '{"Monitoreo hemodinámico": {"Presión arterial": {"valor": "", "unidad": "mmHg", "referencia": "120/80"}, "Frecuencia cardíaca": {"valor": "", "unidad": "latidos/minuto", "referencia": "60–100"}}}', 267),
	(112, '{"Gasometría capilar": {"pH": {"valor": "", "unidad": "", "referencia": "7.35–7.45"}, "HCO3": {"valor": "", "unidad": "mEq/L", "referencia": "22–26"}, "PaO2": {"valor": "", "unidad": "mmHg", "referencia": "75–100"}, "PaCO2": {"valor": "", "unidad": "mmHg", "referencia": "35–45"}}}', 268),
	(113, '{"Electrocardiograma continuo": {"Onda P": {"valor": "", "unidad": "descriptivo", "referencia": "Presente y normal"}, "Onda Q": {"valor": "", "unidad": "descriptivo", "referencia": "Pequeña o ausente"}, "Onda T": {"valor": "", "unidad": "descriptivo", "referencia": "Positiva en derivaciones normales"}}}', 269),
	(114, '{"Colesterol total": {"Valor": {"valor": "", "unidad": "mg/dL", "referencia": "<200"}}}', 272),
	(115, '{"Urea": {"Valor": {"valor": "", "unidad": "mg/dL", "referencia": "10–50"}}}', 273),
	(116, '{"Creatinina": {"Valor": {"valor": "", "unidad": "mg/dL", "referencia": "0.6–1.2"}}}', 274),
	(117, '{"Ionograma": {"Cloro": {"valor": "", "unidad": "mEq/L", "referencia": "98–107"}, "Sodio": {"valor": "", "unidad": "mEq/L", "referencia": "135–145"}, "Potasio": {"valor": "", "unidad": "mEq/L", "referencia": "3.5–5.0"}}}', 275),
	(118, '{"Ácido úrico": {"Valor": {"valor": "", "unidad": "mg/dL", "referencia": "3.5–7.2"}}}', 276),
	(119, '{"Hepatograma": {"FA": {"valor": "", "unidad": "U/L", "referencia": "50–150"}, "TGO": {"valor": "", "unidad": "U/L", "referencia": "5–40"}, "TGP": {"valor": "", "unidad": "U/L", "referencia": "5–40"}, "Bilirrubina total": {"valor": "", "unidad": "mg/dL", "referencia": "0.3–1.2"}}}', 277),
	(120, '{"Eritrosedimentación (VSG)": {"Valor": {"valor": "", "unidad": "mm/h", "referencia": "0–20"}}}', 278),
	(121, '{"Proteína C Reactiva (PCR)": {"Valor": {"valor": "", "unidad": "mg/L", "referencia": "<5"}}}', 279),
	(122, '{"Insulinemia": {"Valor": {"valor": "", "unidad": "µU/mL", "referencia": "2–25"}}}', 280),
	(123, '{"Cortisol plasmático": {"Valor": {"valor": "", "unidad": "µg/dL", "referencia": "6–23"}}}', 281),
	(124, '{"Calcemia": {"Valor": {"valor": "", "unidad": "mg/dL", "referencia": "8.6–10.2"}}}', 282),
	(125, '{"Fosfatemia": {"Valor": {"valor": "", "unidad": "mg/dL", "referencia": "2.5–4.5"}}}', 283),
	(126, '{"Vitamina D": {"25(OH)D": {"valor": "", "unidad": "ng/mL", "referencia": "30–100"}}}', 284),
	(127, '{"Perfil hormonal masculino": {"LH": {"valor": "", "unidad": "mIU/mL", "referencia": "1.7–8.6"}, "FSH": {"valor": "", "unidad": "mIU/mL", "referencia": "1.5–12.4"}, "Testosterona total": {"valor": "", "unidad": "ng/dL", "referencia": "300–1000"}}}', 285),
	(128, '{"Hemocultivo": {"Resultado": {"valor": "", "unidad": "descriptivo", "referencia": "Negativo"}}}', 286),
	(129, '{"Urocultivo": {"Resultado": {"valor": "", "unidad": "descriptivo", "referencia": "Negativo"}}}', 287),
	(130, '{"Coprocultivo": {"Resultado": {"valor": "", "unidad": "descriptivo", "referencia": "Negativo"}}}', 288),
	(131, '{"Prueba ergométrica": {"Presión arterial": {"valor": "", "unidad": "mmHg", "referencia": "Segun protocolo"}, "Frecuencia cardíaca máxima": {"valor": "", "unidad": "latidos/minuto", "referencia": "Segun protocolo"}}}', 289),
	(132, '{"Ferritina sérica": {"Valor": {"valor": "", "unidad": "ng/mL", "referencia": "20–250"}}}', 290),
	(133, '{"Hierro sérico": {"Valor": {"valor": "", "unidad": "µg/dL", "referencia": "50–170"}}}', 291),
	(134, '{"Capacidad de fijación (CTFH)": {"Valor": {"valor": "", "unidad": "µg/dL", "referencia": "250–450"}}}', 292),
	(135, '{"Saturación de transferrina": {"Valor": {"valor": "", "unidad": "%", "referencia": "20–50"}}}', 293),
	(136, '{"Perfil férrico": {"Hierro": {"valor": "", "unidad": "µg/dL", "referencia": "50–170"}, "Ferritina": {"valor": "", "unidad": "ng/mL", "referencia": "20–250"}}}', 294),
	(137, '{"Coproparasitológico": {"Resultado": {"valor": "", "unidad": "descriptivo", "referencia": "Negativo"}}}', 295),
	(138, '{"Test de sangre oculta en materia fecal": {"Resultado": {"valor": "", "unidad": "descriptivo", "referencia": "Negativo"}}}', 296),
	(139, '{"Serología para celiaquía": {"Transglutaminasa IgA": {"valor": "", "unidad": "U/mL", "referencia": "<20"}}}', 297),
	(140, '{"Grupo sanguíneo": {"Resultado": {"valor": "", "unidad": "descriptivo", "referencia": "A/B/AB/O"}}}', 298),
	(141, '{"Factor Rh": {"Resultado": {"valor": "", "unidad": "descriptivo", "referencia": "Positivo/Negativo"}}}', 299),
	(142, '{"Bilirrubina neonatal": {"Total": {"valor": "", "unidad": "mg/dL", "referencia": "0.3–1.2"}}}', 300),
	(143, '{"Exudado nasal": {"Resultado": {"valor": "", "unidad": "descriptivo", "referencia": "Negativo"}}}', 301),
	(144, '{"Test rápido de estreptococo": {"Resultado": {"valor": "", "unidad": "descriptivo", "referencia": "Negativo"}}}', 302),
	(145, '{"Serología para hepatitis A (HAV)": {"IgG": {"valor": "", "unidad": "descriptivo", "referencia": "Negativo"}, "IgM": {"valor": "", "unidad": "descriptivo", "referencia": "Negativo"}}}', 303),
	(146, '{"Serología para hepatitis B (HBV)": {"HBsAg": {"valor": "", "unidad": "descriptivo", "referencia": "Negativo"}, "Anti-HBs": {"valor": "", "unidad": "descriptivo", "referencia": "Negativo"}}}', 304),
	(147, '{"Test rápido de VIH": {"Resultado": {"valor": "", "unidad": "descriptivo", "referencia": "Negativo"}}}', 305),
	(148, '{"Oximetría de pulso": {"Saturación O2": {"valor": "", "unidad": "%", "referencia": "95–100"}}}', 313),
	(149, '{"Audiometría": {"Umbral auditivo": {"valor": "", "unidad": "dB", "referencia": "0–20"}}}', 314),
	(150, '{"Evaluación del crecimiento y percentilos": {"Peso": {"valor": "", "unidad": "kg", "referencia": "Segun percentil"}, "Talla": {"valor": "", "unidad": "cm", "referencia": "Segun percentil"}, "Perímetro cefálico": {"valor": "", "unidad": "cm", "referencia": "Segun percentil"}}}', 315),
	(151, '{"Evaluación nutricional (IMC y curvas de crecimiento)": {"IMC": {"valor": "", "unidad": "kg/m²", "referencia": "Segun percentil"}, "Peso": {"valor": "", "unidad": "kg", "referencia": "Segun percentil"}, "Talla": {"valor": "", "unidad": "cm", "referencia": "Segun percentil"}}}', 316),
	(152, '{"Prueba del talón": {"Fenilalanina": {"valor": "", "unidad": "mg/dL", "referencia": "<4"}}}', 317),
	(153, '{"Coproantígeno para Giardia o rotavirus": {"Resultado": {"valor": "", "unidad": "descriptivo", "referencia": "Negativo"}}}', 318),
	(154, '{"Test de Mantoux (tuberculina)": {"Resultado": {"valor": "", "unidad": "mm", "referencia": "0–5: Negativo, 5–10: Posible, >10: Positivo"}}}', 319),
	(155, '{"Estudio de alergias (IgE total y específicas)": {"IgE total": {"valor": "", "unidad": "kU/L", "referencia": "0–100"}, "IgE específica": {"valor": "", "unidad": "kU/L", "referencia": "Depende del alérgeno"}}}', 321),
	(156, '{"Prolactina": {"Valor": {"valor": "", "unidad": "ng/mL", "referencia": "4–23"}}}', 322),
	(157, '{"FSH, LH, Estradiol (control ovárico y fertilidad)": {"LH": {"valor": "", "unidad": "mIU/mL", "referencia": "1.7–8.6"}, "FSH": {"valor": "", "unidad": "mIU/mL", "referencia": "1.5–12.4"}, "Estradiol": {"valor": "", "unidad": "pg/mL", "referencia": "20–400"}}}', 323),
	(158, '{"Progesterona": {"Valor": {"valor": "", "unidad": "ng/mL", "referencia": "0.2–25"}}}', 324),
	(159, '{"Testosterona total y libre": {"Libre": {"valor": "", "unidad": "ng/dL", "referencia": "5–25"}, "Total": {"valor": "", "unidad": "ng/dL", "referencia": "300–1000"}}}', 325),
	(160, '{"Test de VPH (Virus del Papiloma Humano)": {"Resultado": {"valor": "", "unidad": "descriptivo", "referencia": "Negativo / Positivo"}}}', 326),
	(161, '{"Exudado vaginal": {"Resultado": {"valor": "", "unidad": "descriptivo", "referencia": "Negativo"}}}', 327),
	(162, '{"Exudado endocervical": {"Resultado": {"valor": "", "unidad": "descriptivo", "referencia": "Negativo"}}}', 328),
	(163, '{"Serología para sífilis (VDRL, RPR)": {"RPR": {"valor": "", "unidad": "títulos", "referencia": "Negativo"}, "VDRL": {"valor": "", "unidad": "títulos", "referencia": "Negativo"}}}', 329),
	(164, '{"Serología para VIH": {"Resultado": {"valor": "", "unidad": "descriptivo", "referencia": "Negativo"}}}', 330),
	(165, '{"Toxoplasmosis (IgG, IgM)": {"IgG": {"valor": "", "unidad": "IU/mL", "referencia": "0–10"}, "IgM": {"valor": "", "unidad": "IU/mL", "referencia": "0–0.8"}}}', 331),
	(166, '{"Rubéola (IgG, IgM)": {"IgG": {"valor": "", "unidad": "IU/mL", "referencia": "10–35"}, "IgM": {"valor": "", "unidad": "IU/mL", "referencia": "<0.8"}}}', 332),
	(167, '{"Citomegalovirus": {"IgG": {"valor": "", "unidad": "IU/mL", "referencia": "0–6"}, "IgM": {"valor": "", "unidad": "IU/mL", "referencia": "<0.8"}}}', 333),
	(168, '{"Hepatitis A, B, C": {"HCV": {"valor": "", "unidad": "descriptivo", "referencia": "Negativo"}, "HBsAg": {"valor": "", "unidad": "descriptivo", "referencia": "Negativo"}, "HAV IgM": {"valor": "", "unidad": "descriptivo", "referencia": "Negativo"}}}', 334),
	(169, '{"Zinc sérico": {"Valor": {"valor": "", "unidad": "µg/dL", "referencia": "70–120"}}}', 347),
	(170, '{"ANA (anticuerpos antinucleares)": {"Resultado": {"valor": "", "unidad": "descriptivo", "referencia": "Negativo"}}}', 348),
	(171, '{"Complemento C3 y C4": {"C3": {"valor": "", "unidad": "mg/dL", "referencia": "90–180"}, "C4": {"valor": "", "unidad": "mg/dL", "referencia": "10–40"}}}', 349),
	(172, '{"Tinción de KOH": {"Resultado": {"valor": "", "unidad": "descriptivo", "referencia": "Negativo"}}}', 350),
	(173, '{"Tinción de Gram": {"Resultado": {"valor": "", "unidad": "descriptivo", "referencia": "Negativo"}}}', 351),
	(174, '{"Tinción de Ziehl-Neelsen": {"Resultado": {"valor": "", "unidad": "descriptivo", "referencia": "Negativo"}}}', 352),
	(175, '{"Test de Tzanck": {"Resultado": {"valor": "", "unidad": "descriptivo", "referencia": "Negativo"}}}', 353),
	(176, '{"PCR para HSV-1, HSV-2 y VZV": {"Resultado": {"valor": "", "unidad": "descriptivo", "referencia": "Negativo"}}}', 354),
	(177, '{"Serología para sífilis (VDRL, FTA-ABS)": {"Resultado": {"valor": "", "unidad": "descriptivo", "referencia": "Negativo"}}}', 355),
	(178, '{"Pruebas cutáneas": {"Resultado": {"valor": "", "unidad": "descriptivo", "referencia": "Negativo"}}}', 356),
	(179, '{"Anticuerpos anti-DNA": {"Resultado": {"valor": "", "unidad": "descriptivo", "referencia": "Negativo"}}}', 357),
	(180, '{"Anticuerpos anti-ENA": {"Resultado": {"valor": "", "unidad": "descriptivo", "referencia": "Negativo"}}}', 358),
	(181, '{"Anticuerpos anti-membrana basal (penfigoide)": {"Resultado": {"valor": "", "unidad": "descriptivo", "referencia": "Negativo"}}}', 359),
	(182, '{"Anticuerpos anti-desmogleína (pénfigo)": {"Resultado": {"valor": "", "unidad": "descriptivo", "referencia": "Negativo"}}}', 360),
	(183, '{"Biopsia de uña": {"Resultado": {"valor": "", "unidad": "descriptivo", "referencia": "Normal"}}}', 361),
	(184, '{"Biopsia de tejidos o masas": {"Resultado": {"valor": "", "unidad": "descriptivo", "referencia": "Normal"}}}', 362),
	(185, '{"Tiempo de sangría y coagulación": {"Sangría": {"valor": "", "unidad": "min", "referencia": "2–7"}, "Coagulación": {"valor": "", "unidad": "min", "referencia": "8–15"}}}', 363),
	(186, '{"Serología para hepatitis C (HCV)": {"Resultado": {"valor": "", "unidad": "descriptivo", "referencia": "Negativo"}}}', 364),
	(187, '{"Proteínas totales": {"Valor": {"valor": "", "unidad": "g/dL", "referencia": "6.0–8.0"}}}', 379),
	(188, '{"LDH (lactato deshidrogenasa)": {"Valor": {"valor": "", "unidad": "U/L", "referencia": "140–280"}}}', 380),
	(189, '{"CPK (creatinfosfoquinasa)": {"Valor": {"valor": "", "unidad": "U/L", "referencia": "20–200"}}}', 386),
	(190, '{"Plaquetas": {"Valor": {"valor": "", "unidad": "x10³/µL", "referencia": "150–450"}}}', 407),
	(191, '{"Recuento diferencial de glóbulos blancos": {"Monocitos": {"valor": "", "unidad": "%", "referencia": "2–8"}, "Basófilos": {"valor": "", "unidad": "%", "referencia": "0–1"}, "Linfocitos": {"valor": "", "unidad": "%", "referencia": "20–40"}, "Eosinófilos": {"valor": "", "unidad": "%", "referencia": "1–4"}, "Neutrófilos": {"valor": "", "unidad": "%", "referencia": "50–70"}}}', 408),
	(192, '{"Tiempo de protrombina (TP)": {"Valor": {"valor": "", "unidad": "segundos", "referencia": "11–13.5"}}}', 409),
	(193, '{"Coagulograma": {"TP": {"valor": "", "unidad": "segundos", "referencia": "11–13.5"}, "INR": {"valor": "", "unidad": "ratio", "referencia": "0.8–1.2"}, "TTPA": {"valor": "", "unidad": "segundos", "referencia": "25–35"}, "Fibrinógeno": {"valor": "", "unidad": "mg/dL", "referencia": "200–400"}}}', 410),
	(194, '{"Glucemia capilar": {"Valor": {"valor": "", "unidad": "mg/dL", "referencia": "70–110"}}}', 412),
	(195, '{"Glucemia plasmática": {"Valor": {"valor": "", "unidad": "mg/dL", "referencia": "70–110"}}}', 413),
	(196, '{"Magnesemia": {"Valor": {"valor": "", "unidad": "mg/dL", "referencia": "1.7–2.2"}}}', 414),
	(197, '{"Bilirrubinas total, directa e indirecta": {"Total": {"valor": "", "unidad": "mg/dL", "referencia": "0.3–1.2"}, "Directa": {"valor": "", "unidad": "mg/dL", "referencia": "0–0.3"}, "Indirecta": {"valor": "", "unidad": "mg/dL", "referencia": "0.2–0.9"}}}', 415),
	(198, '{"Transaminasa Glutámico Oxalacética (TGO)": {"Valor": {"valor": "", "unidad": "U/L", "referencia": "10–40"}}}', 416),
	(199, '{"Transaminasa Glutámico Pirúvica (TGP)": {"Valor": {"valor": "", "unidad": "U/L", "referencia": "7–56"}}}', 417),
	(200, '{"Tiempo de Tromboplastina Parcial Activado (TTPA)": {"Valor": {"valor": "", "unidad": "segundos", "referencia": "25–35"}}}', 418),
	(201, '{"Dosaje de lactato": {"Valor": {"valor": "", "unidad": "mmol/L", "referencia": "0.5–2.2"}}}', 419),
	(202, '{"Dosaje de amonio": {"Valor": {"valor": "", "unidad": "µmol/L", "referencia": "11–32"}}}', 420),
	(203, '{"Dosaje de calcio y fósforo sérico": {"Calcio": {"valor": "", "unidad": "mg/dL", "referencia": "8.5–10.5"}, "Fósforo": {"valor": "", "unidad": "mg/dL", "referencia": "2.5–4.5"}}}', 421),
	(204, '{"Coombs directo e indirecto": {"Directo": {"valor": "", "unidad": "descriptivo", "referencia": "Negativo"}, "Indirecto": {"valor": "", "unidad": "descriptivo", "referencia": "Negativo"}}}', 422),
	(205, '{"Dosaje de bilirrubina sérica": {"Valor": {"valor": "", "unidad": "mg/dL", "referencia": "0.3–1.2"}}}', 423),
	(206, '{"Poligrafía cardiorrespiratoria": {"Resultado": {"valor": "", "unidad": "descriptivo", "referencia": "Normal o con hallazgos"}}}', 426),
	(207, '{"Glucemia en ayunas": {"Valor": {"valor": "", "unidad": "mg/dL", "referencia": "70–110"}}}', 427),
	(208, '{"Bilirrubina": {"Valor": {"valor": "", "unidad": "mg/dL", "referencia": "0.3–1.2"}}}', 428),
	(209, '{"Albumina sérica": {"Valor": {"valor": "", "unidad": "g/dL", "referencia": "3.5–5.0"}}}', 429),
	(210, '{"Chagas (Trypanosoma cruzi)": {"Resultado": {"valor": "", "unidad": "descriptivo", "referencia": "Negativo"}}}', 430),
	(211, '{"Elisa para HTLV I/II": {"Resultado": {"valor": "", "unidad": "descriptivo", "referencia": "Negativo"}}}', 431),
	(212, '{"Prueba de Papanicolaou con VPH reflex": {"Resultado": {"valor": "", "unidad": "descriptivo", "referencia": "Negativo"}}}', 432),
	(213, '{"Test de Torch (toxoplasmosis, rubéola, CMV, herpes)": {"CMV": {"valor": "", "unidad": "IU/mL", "referencia": "Negativo"}, "Herpes": {"valor": "", "unidad": "IU/mL", "referencia": "Negativo"}, "Rubéola": {"valor": "", "unidad": "IU/mL", "referencia": "Negativo"}, "Toxoplasmosis": {"valor": "", "unidad": "IU/mL", "referencia": "Negativo"}}}', 433),
	(214, '{"HDL (colesterol de alta densidad)": {"Valor": {"valor": "", "unidad": "mg/dL", "referencia": "40–60"}}}', 436),
	(215, '{"LDL (colesterol de baja densidad)": {"Valor": {"valor": "", "unidad": "mg/dL", "referencia": "<100"}}}', 437),
	(216, '{"Triglicéridos": {"Valor": {"valor": "", "unidad": "mg/dL", "referencia": "<150"}}}', 438),
	(217, '{"Curva de insulina": {"Valor": {"valor": "", "unidad": "µU/mL", "referencia": "Depende del tiempo"}}}', 439),
	(218, '{"Examen en fresco": {"Resultado": {"valor": "", "unidad": "descriptivo", "referencia": "Normal"}}}', 440),
	(219, '{"Cultivo para Chlamydia trachomatis y Neisseria gonorrhoeae": {"Resultado": {"valor": "", "unidad": "descriptivo", "referencia": "Negativo"}}}', 441),
	(220, '{"Serologías para ITS": {"Resultado": {"valor": "", "unidad": "descriptivo", "referencia": "Negativo"}}}', 442),
	(221, '{"Medición de pH vaginal": {"Valor": {"valor": "", "unidad": "pH", "referencia": "3.8–4.5"}}}', 445),
	(222, '{"Inmunohistoquímica (IHQ)": {"Resultado": {"valor": "", "unidad": "descriptivo", "referencia": "Normal"}}}', 446),
	(223, '{"DHEA-S (dehidroepiandrosterona sulfato)": {"Valor": {"valor": "", "unidad": "µg/dL", "referencia": "35–430"}}}', 447),
	(224, '{"17-OH progesterona (17-hidroxiprogesterona)": {"Valor": {"valor": "", "unidad": "ng/mL", "referencia": "0.2–2.0"}}}', 448),
	(225, '{"Glucosa basal": {"Valor": {"valor": "", "unidad": "mg/dL", "referencia": "70–110"}}}', 449),
	(226, '{"Biotina sérica": {"Valor": {"valor": "", "unidad": "ng/mL", "referencia": "0.3–0.8"}}}', 450),
	(227, '{"Cultivo de lesiones cutáneas o abscesos": {"Resultado": {"valor": "", "unidad": "descriptivo", "referencia": "Negativo"}}}', 451),
	(228, '{"Cultivo micológico": {"Resultado": {"valor": "", "unidad": "descriptivo", "referencia": "Negativo"}}}', 452),
	(229, '{"Examen directo con KOH": {"Resultado": {"valor": "", "unidad": "descriptivo", "referencia": "Negativo"}}}', 453),
	(230, '{"Bacteriología de acné (Cutibacterium acnes)": {"Resultado": {"valor": "", "unidad": "descriptivo", "referencia": "Negativo"}}}', 454),
	(231, '{"Tricoscopía": {"Resultado": {"valor": "", "unidad": "descriptivo", "referencia": "Normal"}}}', 458),
	(232, '{"Sebometría": {"Valor": {"valor": "", "unidad": "µg/cm²", "referencia": "Normal"}}}', 459),
	(233, '{"Corneometría": {"Valor": {"valor": "", "unidad": "AU", "referencia": "Normal"}}}', 460),
	(234, '{"Elastometría cutánea": {"Resultado": {"valor": "", "unidad": "descriptivo", "referencia": "Normal"}}}', 461),
	(235, '{"Medición de pH cutáneo": {"Valor": {"valor": "", "unidad": "pH", "referencia": "4.5–5.5"}}}', 462),
	(236, '{"Antibiograma": {"Resultado": {"valor": "", "unidad": "descriptivo", "referencia": "Normal"}}}', 463),
	(237, '{"Troponina I y T": {"Troponina I": {"valor": "", "unidad": "ng/mL", "referencia": "<0.04"}, "Troponina T": {"valor": "", "unidad": "ng/mL", "referencia": "<0.01"}}}', 466),
	(238, '{"CK total y CK-MB": {"CK-MB": {"valor": "", "unidad": "ng/mL", "referencia": "<5"}, "CK total": {"valor": "", "unidad": "U/L", "referencia": "20–200"}}}', 467),
	(239, '{"Péptido natriurético tipo B": {"Valor": {"valor": "", "unidad": "pg/mL", "referencia": "<125"}}}', 468),
	(240, '{"Monitoreo ambulatorio de presión arterial (MAPA)": {"Resultado": {"valor": "", "unidad": "mmHg", "referencia": "Normal"}}}', 476),
	(241, '{"Prueba de la caminata de 6 minutos": {"Distancia": {"valor": "", "unidad": "m", "referencia": "Segun edad y sexo"}}}', 477),
	(242, '{"Electrofisiológico invasivo (EEF)": {"Resultado": {"valor": "", "unidad": "descriptivo", "referencia": "Normal o con hallazgos"}}}', 478),
	(243, '{"Evaluación de riesgo cardiovascular global": {"Resultado": {"valor": "", "unidad": "descriptivo", "referencia": "Bajo / Moderado / Alto"}}}', 479),
	(244, '{"Cateterismo cardíaco diagnóstico": {"Resultado": {"valor": "", "unidad": "descriptivo", "referencia": "Normal o con hallazgos"}}}', 480),
	(245, '{"Dosaje de inmunoglobulinas": {"IgA": {"valor": "", "unidad": "g/L", "referencia": "0.7–4"}, "IgG": {"valor": "", "unidad": "g/L", "referencia": "7–16"}, "IgM": {"valor": "", "unidad": "g/L", "referencia": "0.4–2.3"}}}', 481),
	(246, '{"Eosinófilos séricos": {"Valor": {"valor": "", "unidad": "%", "referencia": "1–4"}}}', 482),
	(247, '{"D-dímero": {"Valor": {"valor": "", "unidad": "µg/mL", "referencia": "<0.5"}}}', 483),
	(248, '{"Test de alfa-1 antitripsina (EPOC precoz)": {"Valor": {"valor": "", "unidad": "mg/dL", "referencia": "90–200"}}}', 484),
	(249, '{"Serología para Mycoplasma pneumoniae, Legionella, Chlamydia": {"Resultado": {"valor": "", "unidad": "descriptivo", "referencia": "Negativo"}}}', 485),
	(250, '{"Examen bacteriológico de esputo": {"Resultado": {"valor": "", "unidad": "descriptivo", "referencia": "Negativo"}}}', 486),
	(251, '{"Espirometría con prueba broncodilatadora": {"Resultado": {"valor": "", "unidad": "L", "referencia": "Depende de edad y sexo"}}}', 488),
	(252, '{"Pletismografía corporal": {"Resultado": {"valor": "", "unidad": "L", "referencia": "Depende de edad y sexo"}}}', 489),
	(253, '{"Difusión de monóxido de carbono (DLCO)": {"Resultado": {"valor": "", "unidad": "mL/min/mmHg", "referencia": "Depende de edad y sexo"}}}', 490),
	(254, '{"Prueba de esfuerzo cardiopulmonar (ergometría respiratoria)": {"Resultado": {"valor": "", "unidad": "descriptivo", "referencia": "Normal o con hallazgos"}}}', 491),
	(255, '{"Medición de picos de flujo espiratorio (peak flow)": {"Resultado": {"valor": "", "unidad": "L/min", "referencia": "Depende de edad y sexo"}}}', 492),
	(256, '{"Test de provocación bronquial (metacolina o ejercicio)": {"Resultado": {"valor": "", "unidad": "descriptivo", "referencia": "Negativo o Positivo"}}}', 493),
	(257, '{"Baciloscopía para Mycobacterium tuberculosis": {"Resultado": {"valor": "", "unidad": "descriptivo", "referencia": "Negativo"}}}', 494),
	(258, '{"Lavado broncoalveolar (LBA)": {"Resultado": {"valor": "", "unidad": "descriptivo", "referencia": "Normal"}}}', 495),
	(259, '{"Estudio citológico de líquido pleural": {"Resultado": {"valor": "", "unidad": "descriptivo", "referencia": "Normal"}}}', 496),
	(260, '{"Biopsia pulmonar": {"Resultado": {"valor": "", "unidad": "descriptivo", "referencia": "Normal"}}}', 497),
	(261, '{"Broncoscopía con biopsia transbronquial": {"Resultado": {"valor": "", "unidad": "descriptivo", "referencia": "Normal"}}}', 498),
	(262, '{"Toracocentesis diagnóstica": {"Resultado": {"valor": "", "unidad": "descriptivo", "referencia": "Normal"}}}', 499),
	(263, '{"Toracoscopía médica": {"Resultado": {"valor": "", "unidad": "descriptivo", "referencia": "Normal"}}}', 500),
	(264, '{"Tiroglobulina sérica": {"Valor": {"valor": "", "unidad": "ng/mL", "referencia": "0–55"}}}', 501),
	(265, '{"ACTH (hormona adrenocorticotrópica)": {"Valor": {"valor": "", "unidad": "pg/mL", "referencia": "10–60"}}}', 502),
	(266, '{"Aldosterona plasmática": {"Valor": {"valor": "", "unidad": "ng/dL", "referencia": "4–31"}}}', 503),
	(267, '{"Renina plasmática": {"Valor": {"valor": "", "unidad": "ng/mL/h", "referencia": "0.65–5.0"}}}', 504),
	(268, '{"Test de supresión con dexametasona": {"Resultado": {"valor": "", "unidad": "descriptivo", "referencia": "Normal"}}}', 505),
	(269, '{"GH (hormona del crecimiento)": {"Valor": {"valor": "", "unidad": "ng/mL", "referencia": "<10"}}}', 506),
	(270, '{"IGF-1 (factor de crecimiento tipo insulina 1)": {"Valor": {"valor": "", "unidad": "ng/mL", "referencia": "Depende de edad y sexo"}}}', 507),
	(271, '{"C-peptido": {"Valor": {"valor": "", "unidad": "ng/mL", "referencia": "0.5–2.0"}}}', 508),
	(272, '{"AMH (hormona antimülleriana)": {"Valor": {"valor": "", "unidad": "ng/mL", "referencia": "1–7"}}}', 509),
	(273, '{"SHBG (globulina fijadora de hormonas sexuales)": {"Valor": {"valor": "", "unidad": "nmol/L", "referencia": "18–144"}}}', 510),
	(274, '{"PTH (parathormona)": {"Valor": {"valor": "", "unidad": "pg/mL", "referencia": "10–65"}}}', 511),
	(275, '{"Test de tolerancia a la insulina": {"Resultado": {"valor": "", "unidad": "descriptivo", "referencia": "Normal"}}}', 516),
	(276, '{"Cultivo de oído (otorrea)": {"Resultado": {"valor": "", "unidad": "descriptivo", "referencia": "Negativo"}}}', 517),
	(277, '{"Estudio de Sensibilidad Antibiótica (Antibiograma)": {"Resultado": {"valor": "", "unidad": "descriptivo", "referencia": "Normal"}}}', 518),
	(278, '{"Inmunoglobulinas (IgE total y específicas)": {"IgE total": {"valor": "", "unidad": "IU/mL", "referencia": "0–100"}}}', 519),
	(279, '{"Pruebas alérgicas séricas": {"Resultado": {"valor": "", "unidad": "descriptivo", "referencia": "Negativo"}}}', 520),
	(280, '{"Serología para Epstein-Barr, citomegalovirus": {"CMV": {"valor": "", "unidad": "descriptivo", "referencia": "Negativo"}, "EBV": {"valor": "", "unidad": "descriptivo", "referencia": "Negativo"}}}', 521),
	(281, '{"Creatinina sérica": {"Valor": {"valor": "", "unidad": "mg/dL", "referencia": "0.7–1.3"}}}', 529),
	(282, '{"PSA Total y Libre (Antígeno Prostático Específico)": {"Libre": {"valor": "", "unidad": "ng/mL", "referencia": "0–1"}, "Total": {"valor": "", "unidad": "ng/mL", "referencia": "0–4"}}}', 530),
	(283, '{"Fosfatasa Ácida Prostática (PAP)": {"Valor": {"valor": "", "unidad": "U/L", "referencia": "0–6"}}}', 531),
	(284, '{"Cortisol urinario en 24 horas": {"Valor": {"valor": "", "unidad": "µg/dL", "referencia": "10–100"}}}', 532),
	(285, '{"Proteinuria en orina de 24 horas": {"Valor": {"valor": "", "unidad": "mg/24h", "referencia": "<150"}}}', 533),
	(286, '{"Microalbuminuria": {"Valor": {"valor": "", "unidad": "mg/24h", "referencia": "<30"}}}', 534),
	(287, '{"Calcio y fósforo en orina de 24 horas (litiasis renal)": {"Calcio": {"valor": "", "unidad": "mg/24h", "referencia": "100–300"}, "Fósforo": {"valor": "", "unidad": "mg/24h", "referencia": "400–1300"}}}', 535),
	(288, '{"Anti-Sm (Smith)": {"Resultado": {"valor": "", "unidad": "descriptivo", "referencia": "Negativo"}}}', 541),
	(289, '{"Anti-Ro (SSA) y Anti-La (SSB)": {"Anti-La": {"valor": "", "unidad": "descriptivo", "referencia": "Negativo"}, "Anti-Ro": {"valor": "", "unidad": "descriptivo", "referencia": "Negativo"}}}', 542),
	(290, '{"Anti-RNP": {"Resultado": {"valor": "", "unidad": "descriptivo", "referencia": "Negativo"}}}', 543),
	(291, '{"Anti-Scl-70 (Topoisomerasa I)": {"Resultado": {"valor": "", "unidad": "descriptivo", "referencia": "Negativo"}}}', 544),
	(292, '{"Anti-centromero": {"Resultado": {"valor": "", "unidad": "descriptivo", "referencia": "Negativo"}}}', 545),
	(293, '{"Anti-Jo1 (miopatías inflamatorias)": {"Resultado": {"valor": "", "unidad": "descriptivo", "referencia": "Negativo"}}}', 546),
	(294, '{"ANCA (anticuerpos anticitoplasma de neutrófilo)": {"Resultado": {"valor": "", "unidad": "descriptivo", "referencia": "Negativo"}}}', 547),
	(295, '{"FR (factor reumatoideo)": {"Valor": {"valor": "", "unidad": "IU/mL", "referencia": "<20"}}}', 548),
	(296, '{"Anti-CCP (anticuerpos antipéptido citrulinado cíclico)": {"Valor": {"valor": "", "unidad": "U/mL", "referencia": "<20"}}}', 549),
	(297, '{"Crioglobulinas séricas": {"Resultado": {"valor": "", "unidad": "descriptivo", "referencia": "Negativo"}}}', 550),
	(298, '{"Anticuerpos antifosfolípidos (aPL)": {"Resultado": {"valor": "", "unidad": "descriptivo", "referencia": "Negativo"}}}', 551),
	(299, '{"Fosfatasa Alcalina (FA)": {"Valor": {"valor": "", "unidad": "U/L", "referencia": "40–129"}}}', 556),
	(300, '{"Gamma-glutamiltransferasa (GGT)": {"Valor": {"valor": "", "unidad": "U/L", "referencia": "9–48"}}}', 557),
	(301, '{"Amilasa y lipasa sérica": {"Lipasa": {"valor": "", "unidad": "U/L", "referencia": "0–160"}, "Amilasa": {"valor": "", "unidad": "U/L", "referencia": "23–85"}}}', 558),
	(302, '{"Vitamina B12 y ácido fólico": {"Vitamina B12": {"valor": "", "unidad": "pg/mL", "referencia": "200–900"}, "Ácido fólico": {"valor": "", "unidad": "ng/mL", "referencia": "2–20"}}}', 559),
	(303, '{"Ecografía hepática y biliar": {"Resultado": {"valor": "", "unidad": "descriptivo", "referencia": "Normal"}}}', 560),
	(304, '{"Ácido láctico y pirúvico": {"Láctico": {"valor": "", "unidad": "mg/dL", "referencia": "4.5–19.8"}, "Pirúvico": {"valor": "", "unidad": "mg/dL", "referencia": "0.3–1.0"}}}', 561),
	(305, '{"Anticuerpos anti-acetilcolina (Miastenia Gravis)": {"Resultado": {"valor": "", "unidad": "descriptivo", "referencia": "Negativo"}}}', 562),
	(306, '{"Anticuerpos anti-MuSK": {"Resultado": {"valor": "", "unidad": "descriptivo", "referencia": "Negativo"}}}', 563),
	(307, '{"Anticuerpos anti-NMDA": {"Resultado": {"valor": "", "unidad": "descriptivo", "referencia": "Negativo"}}}', 564),
	(308, '{"Anticuerpos anti-AMPA": {"Resultado": {"valor": "", "unidad": "descriptivo", "referencia": "Negativo"}}}', 565),
	(309, '{"Anticuerpos anti-GABA": {"Resultado": {"valor": "", "unidad": "descriptivo", "referencia": "Negativo"}}}', 566),
	(310, '{"Anticuerpos anti-MOG": {"Resultado": {"valor": "", "unidad": "descriptivo", "referencia": "Negativo"}}}', 567),
	(311, '{"Anticuerpos anti-AQP4": {"Resultado": {"valor": "", "unidad": "descriptivo", "referencia": "Negativo"}}}', 568),
	(312, '{"Anticuerpos anti-GQ1b": {"Resultado": {"valor": "", "unidad": "descriptivo", "referencia": "Negativo"}}}', 569),
	(313, '{"Anticuerpos anti-GM1": {"Resultado": {"valor": "", "unidad": "descriptivo", "referencia": "Negativo"}}}', 570),
	(314, '{"EEG con privación de sueño": {"Resultado": {"valor": "", "unidad": "descriptivo", "referencia": "Normal"}}}', 573),
	(315, '{"Potenciales evocados auditivos (PEA)": {"Resultado": {"valor": "", "unidad": "descriptivo", "referencia": "Normal"}}}', 574),
	(316, '{"Potenciales evocados somatosensoriales (PESS)": {"Resultado": {"valor": "", "unidad": "descriptivo", "referencia": "Normal"}}}', 575),
	(317, '{"Potenciales evocados motores (PEM)": {"Resultado": {"valor": "", "unidad": "descriptivo", "referencia": "Normal"}}}', 576),
	(318, '{"Escala UPDRS (Parkinson)": {"Resultado": {"valor": "", "unidad": "puntos", "referencia": "0–199"}}}', 579),
	(319, '{"Biopsia cerebral": {"Resultado": {"valor": "", "unidad": "descriptivo", "referencia": "Normal"}}}', 584),
	(320, '{"Estudio genético (epilepsias, distrofias, ataxias hereditarias)": {"Resultado": {"valor": "", "unidad": "descriptivo", "referencia": "Normal"}}}', 585),
	(321, '{"Perfil hepático": {"FA": {"valor": "", "unidad": "U/L", "referencia": "40–129"}, "GGT": {"valor": "", "unidad": "U/L", "referencia": "9–48"}, "TGO": {"valor": "", "unidad": "U/L", "referencia": "10–40"}, "TGP": {"valor": "", "unidad": "U/L", "referencia": "7–56"}, "Albumina": {"valor": "", "unidad": "g/dL", "referencia": "3.5–5.0"}, "Bilirrubina": {"valor": "", "unidad": "mg/dL", "referencia": "0.3–1.2"}}}', 588),
	(322, '{"Capacidad vital forzada (CVF)": {"Resultado": {"valor": "", "unidad": "L", "referencia": "Depende de edad y sexo"}}}', 591),
	(323, '{"Volumen espiratorio forzado en el primer segundo (VEF1)": {"Resultado": {"valor": "", "unidad": "L", "referencia": "Depende de edad y sexo"}}}', 592),
	(324, '{"Oximetría basal y post-esfuerzo": {"Resultado": {"valor": "", "unidad": "%", "referencia": "95–100"}}}', 593),
	(325, '{"Test cardiopulmonar de ejercicio": {"Resultado": {"valor": "", "unidad": "descriptivo", "referencia": "Normal"}}}', 594),
	(326, '{"Mediastinoscopía diagnóstica": {"Resultado": {"valor": "", "unidad": "descriptivo", "referencia": "Normal"}}}', 597),
	(327, '{"Estudio micológico de oído": {"Resultado": {"valor": "", "unidad": "descriptivo", "referencia": "Negativo"}}}', 528);

-- Volcando estructura para tabla hospitalbd.hospital_personal_resultadoestudio
CREATE TABLE IF NOT EXISTS `hospital_personal_resultadoestudio` (
  `id` bigint NOT NULL AUTO_INCREMENT,
  `informe` longtext COLLATE utf8mb4_general_ci NOT NULL,
  `datos_especificos` json DEFAULT NULL,
  `archivo_pdf` varchar(100) COLLATE utf8mb4_general_ci DEFAULT NULL,
  `cargado_por_id` bigint NOT NULL,
  `turno_estudio_id` bigint NOT NULL,
  PRIMARY KEY (`id`),
  UNIQUE KEY `turno_estudio_id` (`turno_estudio_id`),
  KEY `hospital_personal_re_cargado_por_id_0942bff7_fk_controlUs` (`cargado_por_id`),
  CONSTRAINT `hospital_personal_re_cargado_por_id_0942bff7_fk_controlUs` FOREIGN KEY (`cargado_por_id`) REFERENCES `controlusuario_usuario` (`id`),
  CONSTRAINT `hospital_personal_re_turno_estudio_id_7530c068_fk_hospital_` FOREIGN KEY (`turno_estudio_id`) REFERENCES `hospital_personal_turnoestudio` (`id`)
) ENGINE=InnoDB DEFAULT CHARSET=utf8mb4 COLLATE=utf8mb4_general_ci;

-- Volcando datos para la tabla hospitalbd.hospital_personal_resultadoestudio: ~0 rows (aproximadamente)

-- Volcando estructura para tabla hospitalbd.hospital_personal_resultadoestudio_imagenes
CREATE TABLE IF NOT EXISTS `hospital_personal_resultadoestudio_imagenes` (
  `id` bigint NOT NULL AUTO_INCREMENT,
  `resultadoestudio_id` bigint NOT NULL,
  `resultadoimagen_id` bigint NOT NULL,
  PRIMARY KEY (`id`),
  UNIQUE KEY `hospital_personal_result_resultadoestudio_id_resu_9e18dfbe_uniq` (`resultadoestudio_id`,`resultadoimagen_id`),
  KEY `hospital_personal_re_resultadoimagen_id_d4ac8bb0_fk_hospital_` (`resultadoimagen_id`),
  CONSTRAINT `hospital_personal_re_resultadoestudio_id_374b3dab_fk_hospital_` FOREIGN KEY (`resultadoestudio_id`) REFERENCES `hospital_personal_resultadoestudio` (`id`),
  CONSTRAINT `hospital_personal_re_resultadoimagen_id_d4ac8bb0_fk_hospital_` FOREIGN KEY (`resultadoimagen_id`) REFERENCES `hospital_personal_resultadoimagen` (`id`)
) ENGINE=InnoDB DEFAULT CHARSET=utf8mb4 COLLATE=utf8mb4_general_ci;

-- Volcando datos para la tabla hospitalbd.hospital_personal_resultadoestudio_imagenes: ~0 rows (aproximadamente)

-- Volcando estructura para tabla hospitalbd.hospital_personal_resultadoimagen
CREATE TABLE IF NOT EXISTS `hospital_personal_resultadoimagen` (
  `id` bigint NOT NULL AUTO_INCREMENT,
  `imagen` varchar(100) COLLATE utf8mb4_general_ci NOT NULL,
  `fecha_carga` datetime(6) NOT NULL,
  PRIMARY KEY (`id`)
) ENGINE=InnoDB DEFAULT CHARSET=utf8mb4 COLLATE=utf8mb4_general_ci;

-- Volcando datos para la tabla hospitalbd.hospital_personal_resultadoimagen: ~0 rows (aproximadamente)

-- Volcando estructura para tabla hospitalbd.hospital_personal_serviciodiagnostico
CREATE TABLE IF NOT EXISTS `hospital_personal_serviciodiagnostico` (
  `id` bigint NOT NULL AUTO_INCREMENT,
  `nombre_servicio` varchar(255) COLLATE utf8mb4_general_ci NOT NULL,
  `descripcion` longtext COLLATE utf8mb4_general_ci NOT NULL,
  `departamento_id` bigint NOT NULL,
  PRIMARY KEY (`id`),
  KEY `hospital_personal_se_departamento_id_aee03b02_fk_hospital_` (`departamento_id`),
  CONSTRAINT `hospital_personal_se_departamento_id_aee03b02_fk_hospital_` FOREIGN KEY (`departamento_id`) REFERENCES `hospital_personal_departamento` (`id`)
) ENGINE=InnoDB AUTO_INCREMENT=49 DEFAULT CHARSET=utf8mb4 COLLATE=utf8mb4_general_ci;

-- Volcando datos para la tabla hospitalbd.hospital_personal_serviciodiagnostico: ~43 rows (aproximadamente)
INSERT INTO `hospital_personal_serviciodiagnostico` (`id`, `nombre_servicio`, `descripcion`, `departamento_id`) VALUES
	(1, 'Rayos X', 'Servicio encargado de realizar radiografías para diagnóstico de fracturas, hemorragias internas y otras condiciones.', 1),
	(2, 'Ecografía de Emergencia', 'Servicio que realiza ecografías para detectar patologías abdominales, hemorrágicas y otras urgencias médicas.', 1),
	(4, 'Pruebas de Laboratorio Clínico', 'Servicio que realiza análisis de muestras biológicas (sangre, orina, etc.) para diagnóstico de diversas condiciones médicas.', 2),
	(5, 'Electrocardiograma (ECG)', 'Servicio de diagnóstico que utiliza un electrocardiograma para estudiar la actividad eléctrica del corazón y detectar arritmias u otras enfermedades.', 2),
	(6, 'Ecografía General', 'Servicio encargado de realizar ecografías abdominales, ginecológicas, musculoesqueléticas, entre otras, para diagnóstico no invasivo.', 5),
	(7, 'Pruebas de Función Pulmonar', 'Servicio que evalúa la función de los pulmones y el sistema respiratorio, usado en neumología y enfermedades respiratorias.', 2),
	(8, 'Endoscopia Digestiva', 'Servicio para examinar el tracto gastrointestinal mediante un endoscopio, útil en la diagnóstico de problemas gástricos y colonoscopia.', 2),
	(9, 'Audiometría', 'Prueba de diagnóstico utilizada para evaluar la capacidad auditiva del paciente.', 2),
	(10, 'Examen Visual', 'Exámenes oftalmológicos para evaluar la salud ocular, visión, y detectar enfermedades como cataratas o glaucoma.', 2),
	(11, 'Pruebas de Alergia', 'Servicios de diagnóstico para identificar alergias a alimentos, medicamentos, sustancias ambientales, entre otros.', 2),
	(12, 'Radiología Quirúrgica', 'Servicio de diagnóstico por imagen especializado para guiar intervenciones quirúrgicas y verificar lesiones antes y después de la cirugía.', 3),
	(13, 'Tomografía Computarizada (TAC)', 'Servicio avanzado de diagnóstico por imagen que proporciona cortes transversales detallados de los órganos internos para planificar cirugías.', 5),
	(14, 'Resonancia Magnética (RM)', 'Servicio de diagnóstico por imagen que utiliza campos magnéticos para crear imágenes detalladas de los órganos y tejidos internos.', 5),
	(15, 'Monitoreo Cardíaco', 'Servicio de monitoreo continuo de la actividad cardíaca de los pacientes en estado crítico, como post-quirúrgicos o con afecciones graves.', 4),
	(16, 'Oxigenoterapia', 'Servicio que proporciona oxígeno de manera terapéutica a pacientes que lo requieren debido a problemas respiratorios graves.', 4),
	(17, 'Electroencefalograma (EEG)', 'Servicio para monitorear la actividad eléctrica del cerebro, utilizado en pacientes con trastornos neurológicos críticos.', 4),
	(18, 'Radiología General', 'Servicio encargado de realizar radiografías para el diagnóstico de fracturas, enfermedades pulmonares, y otros trastornos.', 5),
	(22, 'Mamografía', 'Servicio especializado en el diagnóstico temprano del cáncer de mama mediante imágenes radiográficas.', 5),
	(23, 'Análisis de Sangre', 'Servicio que realiza análisis de sangre para diagnosticar una amplia variedad de condiciones médicas, desde infecciones hasta enfermedades crónicas.', 6),
	(24, 'Análisis de Orina', 'Servicio para analizar muestras de orina y diagnosticar enfermedades del tracto urinario, riñones, entre otros.', 6),
	(25, 'Pruebas de Biología Molecular', 'Servicio que realiza pruebas avanzadas para diagnosticar enfermedades infecciosas, genéticas y otras condiciones médicas mediante el análisis molecular.', 6),
	(27, 'Biopsias Oncológicas', 'Servicio para realizar biopsias de tejidos sospechosos para el diagnóstico de cáncer.', 8),
	(28, 'Radioterapia', 'Servicio especializado en la administración de radiación para el tratamiento de ciertos tipos de cáncer.', 8),
	(29, 'Exámenes Neonatales', 'Servicio para realizar pruebas a los recién nacidos con el fin de detectar posibles problemas de salud, como cardiopatías, enfermedades metabólicas, entre otros.', 9),
	(30, 'Ecografía Pediátrica', 'Servicio de diagnóstico por ultrasonido adaptado a niños, para el estudio de diversas condiciones pediátricas.', 9),
	(31, 'Ecografía Ginecológica', 'Servicio de diagnóstico por imagen utilizado para el estudio de la salud reproductiva femenina, incluido el seguimiento del embarazo.', 10),
	(32, 'Pruebas de Fertilidad', 'Servicio para realizar análisis y estudios relacionados con la fertilidad, tanto masculina como femenina.', 10),
	(33, 'Dermatoscopia', 'Servicio que permite examinar la piel de manera más detallada, para detectar signos de cáncer o afecciones dérmicas.', 11),
	(34, 'Pruebas de Alergia Dermatológica', 'Servicio que realiza pruebas para identificar reacciones alérgicas de la piel, como dermatitis alérgica, eccemas, entre otros.', 11),
	(35, 'Laboratorio de Endocrinología', 'El Laboratorio de Endocrinología es un servicio especializado encargado del análisis de parámetros hormonales y metabólicos para el diagnóstico, seguimiento y control de enfermedades endocrinas.', 13),
	(36, 'Laboratorio de Bacteriología', 'Es un examen microbiológico que busca detectar bacterias, hongos u otros microorganismos en la sangre. Se realiza cuando se sospecha de infecciones en la sangre (bacteriemia, septicemia).', 14),
	(37, 'Área de Diagnóstico Funcional Cardiológico', 'Área destinada a la evaluación no invasiva del funcionamiento del sistema cardiovascular mediante estudios especializados. Estas evaluaciones permiten el diagnóstico, seguimiento y control de enfermedades cardíacas como arritmias, insuficiencia cardíaca, cardiopatías isquémicas e hipertensión arterial. El área cuenta con equipamiento especializado y personal capacitado para garantizar resultados confiables y atención segura al paciente.', 12),
	(38, 'Laboratorio de Bioquímica Clínica', 'El Laboratorio de Bioquímica Clínica es un servicio especializado en el análisis de muestras biológicas (principalmente sangre, orina, líquido cefalorraquídeo, entre otros) con el objetivo de evaluar el funcionamiento de diferentes órganos y sistemas del cuerpo humano. Su función principal es apoyar el diagnóstico, seguimiento y prevención de enfermedades mediante pruebas químicas precisas y controladas.', 6),
	(39, 'Laboratorio de Inmunología', 'El Laboratorio de Inmunología es un servicio especializado que se encarga del análisis y evaluación del sistema inmunológico mediante pruebas específicas que detectan y cuantifican componentes inmunitarios en muestras biológicas, principalmente sangre.', 6),
	(40, 'Laboratorio de Banco de Sangre', 'El Laboratorio de Banco de Sangre es un servicio especializado que se encarga de la obtención, procesamiento, almacenamiento y distribución segura de sangre y sus componentes (glóbulos rojos, plasma, plaquetas) para transfusiones. Su objetivo principal es garantizar que la sangre transfundida sea compatible y segura para los pacientes que la requieren.', 6),
	(41, 'Servicio de Ecocardiografía', 'El Servicio de Ecocardiografía es una unidad especializada dentro del Departamento de Cardiología que se dedica a la realización de estudios ecográficos del corazón mediante el uso de ultrasonido. Este servicio permite obtener imágenes en tiempo real de la estructura y función cardíaca sin necesidad de procedimientos invasivos ni radiación.', 12),
	(42, 'Neumología', 'El servicio de diagnóstico en Neumología se centra en la identificación de enfermedades respiratorias a través de consultas clínicas, pruebas de función pulmonar, y estudios por imagen. Este servicio está diseñado para evaluar desde enfermedades agudas, como infecciones respiratorias, hasta trastornos respiratorios crónicos, como el asma y la EPOC.', 15),
	(43, 'Laboratorio de Hormonas', 'El Laboratorio de Hormonas es una unidad especializada dentro del Departamento de Laboratorio Clínico de hospitales, clínicas o centros médicos, que se dedica a la realización de pruebas diagnósticas para medir los niveles de diversas hormonas en muestras biológicas, generalmente sangre. Las hormonas son mensajeros químicos que regulan una amplia variedad de funciones biológicas en el cuerpo, incluyendo el metabolismo, la reproducción, el crecimiento, y el bienestar general.', 6),
	(44, 'Sala de Mamografía', 'Servicio especializado en el diagnóstico temprano del cáncer de mama mediante imágenes radiográficas.', 5),
	(45, 'Anatomía Patológica', 'El Servicio de Anatomía Patológica es una unidad especializada dentro del sistema de salud que se dedica al estudio, diagnóstico y análisis de enfermedades a través del examen macroscópico y microscópico de tejidos, células y órganos. Este servicio es fundamental para el diagnóstico definitivo de diversas patologías, especialmente en el campo de la oncología, infecciones, enfermedades inflamatorias y degenerativas.', 16),
	(46, 'Ginecología', 'El Servicio de Ginecología es una unidad clínica especializada en la atención integral de la salud del aparato reproductor femenino, desde la adolescencia hasta la edad avanzada. Su objetivo principal es prevenir, diagnosticar y tratar enfermedades ginecológicas, así como brindar atención quirúrgica y médica en los distintos trastornos que afectan a la mujer.', 10),
	(47, 'Dermatología', 'El Servicio de Dermatología es la unidad especializada en el diagnóstico, tratamiento y prevención de las enfermedades que afectan la piel, el cabello, las uñas y las mucosas. Su objetivo es ofrecer una atención integral a pacientes de todas las edades, abordando tanto problemas médicos como estéticos relacionados con la salud cutánea.', 11),
	(48, 'Neurología', 'El Servicio de Diagnóstico en Neurología es la unidad encargada de realizar, interpretar y apoyar con pruebas específicas el diagnóstico funcional y estructural de enfermedades del sistema nervioso central y periférico.\r\n\r\nSe apoya en técnicas neurofisiológicas, neuroimagenológicas y laboratoriales que permiten estudiar la actividad eléctrica, la conducción nerviosa, la estructura cerebral y otras funciones neurológicas.', 17);

-- Volcando estructura para tabla hospitalbd.hospital_personal_serviciodiagnostico_lugar
CREATE TABLE IF NOT EXISTS `hospital_personal_serviciodiagnostico_lugar` (
  `id` bigint NOT NULL AUTO_INCREMENT,
  `serviciodiagnostico_id` bigint NOT NULL,
  `lugar_id` bigint NOT NULL,
  PRIMARY KEY (`id`),
  UNIQUE KEY `hospital_personal_servic_serviciodiagnostico_id_l_62eca530_uniq` (`serviciodiagnostico_id`,`lugar_id`),
  KEY `hospital_personal_se_lugar_id_69389de5_fk_hospital_` (`lugar_id`),
  CONSTRAINT `hospital_personal_se_lugar_id_69389de5_fk_hospital_` FOREIGN KEY (`lugar_id`) REFERENCES `hospital_personal_lugar` (`id`),
  CONSTRAINT `hospital_personal_se_serviciodiagnostico__0f875d40_fk_hospital_` FOREIGN KEY (`serviciodiagnostico_id`) REFERENCES `hospital_personal_serviciodiagnostico` (`id`)
) ENGINE=InnoDB AUTO_INCREMENT=67 DEFAULT CHARSET=utf8mb4 COLLATE=utf8mb4_general_ci;

-- Volcando datos para la tabla hospitalbd.hospital_personal_serviciodiagnostico_lugar: ~54 rows (aproximadamente)
INSERT INTO `hospital_personal_serviciodiagnostico_lugar` (`id`, `serviciodiagnostico_id`, `lugar_id`) VALUES
	(1, 1, 36),
	(2, 1, 122),
	(3, 2, 123),
	(5, 4, 125),
	(6, 4, 126),
	(7, 5, 127),
	(8, 6, 150),
	(10, 7, 66),
	(9, 7, 128),
	(12, 8, 72),
	(11, 8, 129),
	(13, 9, 130),
	(14, 10, 131),
	(15, 11, 132),
	(16, 12, 133),
	(17, 13, 134),
	(18, 14, 135),
	(19, 14, 136),
	(20, 15, 137),
	(21, 16, 138),
	(23, 17, 84),
	(22, 17, 139),
	(24, 18, 34),
	(25, 18, 35),
	(26, 18, 36),
	(27, 18, 115),
	(28, 18, 116),
	(36, 22, 140),
	(37, 23, 141),
	(38, 24, 142),
	(39, 25, 143),
	(41, 27, 145),
	(42, 28, 146),
	(43, 28, 147),
	(44, 29, 148),
	(45, 30, 149),
	(46, 31, 150),
	(47, 32, 151),
	(48, 33, 152),
	(52, 34, 153),
	(53, 35, 155),
	(54, 36, 156),
	(55, 37, 157),
	(56, 38, 158),
	(57, 39, 159),
	(58, 40, 160),
	(59, 41, 161),
	(60, 42, 162),
	(61, 43, 165),
	(62, 44, 166),
	(63, 45, 167),
	(64, 46, 54),
	(65, 47, 168),
	(66, 48, 114);

-- Volcando estructura para tabla hospitalbd.hospital_personal_turno
CREATE TABLE IF NOT EXISTS `hospital_personal_turno` (
  `id` bigint NOT NULL AUTO_INCREMENT,
  `fecha_creacion` datetime(6) NOT NULL,
  `fecha_turno` date NOT NULL,
  `horario_turno` varchar(10) COLLATE utf8mb4_general_ci NOT NULL,
  `estado` varchar(20) COLLATE utf8mb4_general_ci NOT NULL,
  `motivo` longtext COLLATE utf8mb4_general_ci NOT NULL,
  `asistio` tinyint(1) NOT NULL,
  `especialidad_id` bigint NOT NULL,
  `paciente_id` bigint NOT NULL,
  `profesional_id` bigint NOT NULL,
  PRIMARY KEY (`id`),
  KEY `hospital_personal_tu_especialidad_id_8f04877d_fk_hospital_` (`especialidad_id`),
  KEY `hospital_personal_tu_paciente_id_2db2a483_fk_hospital_` (`paciente_id`),
  KEY `hospital_personal_tu_profesional_id_d103668c_fk_controlUs` (`profesional_id`),
  CONSTRAINT `hospital_personal_tu_especialidad_id_8f04877d_fk_hospital_` FOREIGN KEY (`especialidad_id`) REFERENCES `hospital_personal_especialidades` (`id`),
  CONSTRAINT `hospital_personal_tu_paciente_id_2db2a483_fk_hospital_` FOREIGN KEY (`paciente_id`) REFERENCES `hospital_pacientes_paciente` (`id`),
  CONSTRAINT `hospital_personal_tu_profesional_id_d103668c_fk_controlUs` FOREIGN KEY (`profesional_id`) REFERENCES `controlusuario_usuario` (`id`)
) ENGINE=InnoDB AUTO_INCREMENT=3 DEFAULT CHARSET=utf8mb4 COLLATE=utf8mb4_general_ci;

-- Volcando datos para la tabla hospitalbd.hospital_personal_turno: ~2 rows (aproximadamente)
INSERT INTO `hospital_personal_turno` (`id`, `fecha_creacion`, `fecha_turno`, `horario_turno`, `estado`, `motivo`, `asistio`, `especialidad_id`, `paciente_id`, `profesional_id`) VALUES
	(1, '2025-10-05 20:27:21.946483', '2025-10-09', 'dia', 'atendido', 'Je', 1, 3, 1, 2),
	(2, '2025-10-11 23:51:23.985180', '2025-10-20', 'dia', 'pendiente', 'jeje', 0, 3, 1, 2);

-- Volcando estructura para tabla hospitalbd.hospital_personal_turnoestudio
CREATE TABLE IF NOT EXISTS `hospital_personal_turnoestudio` (
  `id` bigint NOT NULL AUTO_INCREMENT,
  `fecha_creacion` datetime(6) NOT NULL,
  `fecha_turno` date NOT NULL,
  `horario_turno` varchar(10) COLLATE utf8mb4_general_ci NOT NULL,
  `estado` varchar(20) COLLATE utf8mb4_general_ci NOT NULL,
  `asistio` tinyint(1) NOT NULL,
  `lugar_id` bigint NOT NULL,
  `orden_id` bigint NOT NULL,
  `servicio_diagnostico_id` bigint NOT NULL,
  PRIMARY KEY (`id`),
  UNIQUE KEY `orden_id` (`orden_id`),
  KEY `hospital_personal_tu_lugar_id_971898ab_fk_hospital_` (`lugar_id`),
  KEY `hospital_personal_tu_servicio_diagnostico_a0645368_fk_hospital_` (`servicio_diagnostico_id`),
  CONSTRAINT `hospital_personal_tu_lugar_id_971898ab_fk_hospital_` FOREIGN KEY (`lugar_id`) REFERENCES `hospital_personal_lugar` (`id`),
  CONSTRAINT `hospital_personal_tu_orden_id_dca8a0c5_fk_hospital_` FOREIGN KEY (`orden_id`) REFERENCES `hospital_personal_ordenestudio` (`id`),
  CONSTRAINT `hospital_personal_tu_servicio_diagnostico_a0645368_fk_hospital_` FOREIGN KEY (`servicio_diagnostico_id`) REFERENCES `hospital_personal_serviciodiagnostico` (`id`)
) ENGINE=InnoDB DEFAULT CHARSET=utf8mb4 COLLATE=utf8mb4_general_ci;

-- Volcando datos para la tabla hospitalbd.hospital_personal_turnoestudio: ~0 rows (aproximadamente)

-- Volcando estructura para tabla hospitalbd.hospital_personal_usuariolugartrabajoasignado
CREATE TABLE IF NOT EXISTS `hospital_personal_usuariolugartrabajoasignado` (
  `id` bigint NOT NULL AUTO_INCREMENT,
  `jornada_id` bigint NOT NULL,
  `lugar_id` bigint NOT NULL,
  `usuario_id` bigint NOT NULL,
  PRIMARY KEY (`id`),
  UNIQUE KEY `unique_usuario_jornada` (`usuario_id`,`jornada_id`),
  KEY `hospital_personal_us_jornada_id_8bd044cf_fk_hospital_` (`jornada_id`),
  KEY `hospital_personal_us_lugar_id_f34e409c_fk_hospital_` (`lugar_id`),
  CONSTRAINT `hospital_personal_us_jornada_id_8bd044cf_fk_hospital_` FOREIGN KEY (`jornada_id`) REFERENCES `hospital_personal_jorna_laboral` (`id`),
  CONSTRAINT `hospital_personal_us_lugar_id_f34e409c_fk_hospital_` FOREIGN KEY (`lugar_id`) REFERENCES `hospital_personal_lugar` (`id`),
  CONSTRAINT `hospital_personal_us_usuario_id_4619344a_fk_controlUs` FOREIGN KEY (`usuario_id`) REFERENCES `controlusuario_usuario` (`id`)
) ENGINE=InnoDB AUTO_INCREMENT=10 DEFAULT CHARSET=utf8mb4 COLLATE=utf8mb4_general_ci;

-- Volcando datos para la tabla hospitalbd.hospital_personal_usuariolugartrabajoasignado: ~9 rows (aproximadamente)
INSERT INTO `hospital_personal_usuariolugartrabajoasignado` (`id`, `jornada_id`, `lugar_id`, `usuario_id`) VALUES
	(1, 1, 7, 2),
	(2, 2, 7, 2),
	(3, 3, 7, 2),
	(4, 4, 7, 2),
	(5, 5, 7, 2),
	(6, 1, 115, 3),
	(7, 2, 115, 3),
	(8, 3, 115, 3);
	
	
SELECT nombre FROM `hospital_personal_lugar` WHERE tipo="cons"
	

-- Volcando estructura para tabla hospitalbd.hospital_personal_usuariorolprofesionalasignado
CREATE TABLE IF NOT EXISTS `hospital_personal_usuariorolprofesionalasignado` (
  `id` bigint NOT NULL AUTO_INCREMENT,
  `rol_profesional_id` bigint NOT NULL,
  `usuario_id` bigint NOT NULL,
  PRIMARY KEY (`id`),
  UNIQUE KEY `unique_usuario_rol_profesional` (`usuario_id`,`rol_profesional_id`),
  KEY `hospital_personal_us_rol_profesional_id_517d9402_fk_controlUs` (`rol_profesional_id`),
  CONSTRAINT `hospital_personal_us_rol_profesional_id_517d9402_fk_controlUs` FOREIGN KEY (`rol_profesional_id`) REFERENCES `controlusuario_rolesprofesionales` (`id`),
  CONSTRAINT `hospital_personal_us_usuario_id_7f151ac8_fk_controlUs` FOREIGN KEY (`usuario_id`) REFERENCES `controlusuario_usuario` (`id`)
) ENGINE=InnoDB AUTO_INCREMENT=4 DEFAULT CHARSET=utf8mb4 COLLATE=utf8mb4_general_ci;

-- Volcando datos para la tabla hospitalbd.hospital_personal_usuariorolprofesionalasignado: ~3 rows (aproximadamente)
INSERT INTO `hospital_personal_usuariorolprofesionalasignado` (`id`, `rol_profesional_id`, `usuario_id`) VALUES
	(1, 1, 2),
	(2, 54, 3),
	(3, 1, 4);

/*!40103 SET TIME_ZONE=IFNULL(@OLD_TIME_ZONE, 'system') */;
/*!40101 SET SQL_MODE=IFNULL(@OLD_SQL_MODE, '') */;
/*!40014 SET FOREIGN_KEY_CHECKS=IFNULL(@OLD_FOREIGN_KEY_CHECKS, 1) */;
/*!40101 SET CHARACTER_SET_CLIENT=@OLD_CHARACTER_SET_CLIENT */;
/*!40111 SET SQL_NOTES=IFNULL(@OLD_SQL_NOTES, 1) */;
